molecule_chembl_id,,fix_smiles,standard_value,pic50
CHEMBL2147305,,COc1ncc(-c2c(C)ccc(F)c2CCNC(=O)c2ccc(OCCC(F)(F)F)nc2)cn1,794.33,6.099999035
CHEMBL2147306,,COc1ncc(-c2c(C)ccc(F)c2CCNC(=O)c2ccc(OCC(F)(F)F)nc2)cn1,2511.89,5.599999383
CHEMBL2147224,,COc1ncc(-c2cccc(OC)c2CCNC(=O)c2ccc(OCCC(F)(F)F)nc2)cn1,6309.57,5.200000237
CHEMBL2147304,,COc1ncc(-c2cccc(OC(F)F)c2CCNC(=O)c2ccc(OCCC(F)(F)F)nc2)cn1,7943.28,5.100000128
CHEMBL2147226,,COc1ncc(-c2cccc(C#N)c2CCNC(=O)c2ccc(OCCC(F)(F)F)nc2)cn1,31622.78,4.499999953
CHEMBL2147225,,COc1ccc(CCNC(=O)c2ccc(OCCC(F)(F)F)nc2)c(-c2cnc(OC)nc2)c1,19952.62,4.700000069
CHEMBL2147307,,COc1cnc(-c2c(C)ccc(F)c2CCNC(=O)c2ccc(COCC(F)(F)F)nc2)cn1,1000,6
CHEMBL2147308,,COc1cnc(-c2c(F)ccc(F)c2CCNC(=O)c2ccc(COCC(F)(F)F)nc2)cn1,1584.89,5.800000875
CHEMBL2147317,,COc1cnc(-c2cccc(F)c2C(F)(F)CNC(=O)c2ccc(COCC(F)(F)F)nc2)cn1,10000,5
CHEMBL2147212,,O=C(NCCc1ccccc1-c1cnc(OC(F)F)cn1)c1ccc(OCCC(F)(F)F)nc1,6309.57,5.200000237
CHEMBL4470763,,CC(C)COc1ncc(-c2cc(F)c(C(=O)NS(C)(=O)=O)cc2F)cc1Cl,30000,4.522878745
CHEMBL4470095,,CC(C)COc1ncc(-c2c(F)cc(C(=O)NS(C)(=O)=O)cc2F)cc1Cl,5200,5.283996656
CHEMBL4443414,,CC(C)COc1ncc(-c2ccc(C(=O)NS(C)(=O)=O)cc2F)cc1Cl,23000,4.638272164
CHEMBL4444511,,CC(C)COc1ncc(-c2ccc(C(=O)NS(C)(=O)=O)cc2Cl)cc1Cl,9500,5.022276395
CHEMBL4460250,,CC(C)COc1ncc(-c2ccc(C(=O)NS(C)(=O)=O)c(F)c2)cc1Cl,18000,4.744727495
CHEMBL4474441,,COc1cc(C(=O)NS(C)(=O)=O)ccc1-c1cnc(OCC(C)C)c(Cl)c1,30000,4.522878745
CHEMBL4539119,,CC(C)COc1ncc(-c2ccc(C(=O)NS(C)(=O)=O)cc2OC(F)(F)F)cc1Cl,3700,5.431798276
CHEMBL4459478,,CC(C)COc1ncc(-c2ccc(C(=O)NS(C)(=O)=O)cc2C(F)(F)F)cc1Cl,3100,5.508638306
CHEMBL4467379,,CC(C)COc1ncc(-c2ccc(C(=O)NS(C)(=O)=O)cc2C#N)cc1Cl,24000,4.619788758
CHEMBL4445360,,CC(C)COc1ncc(-c2ccc(C(=O)NS(C)(=O)=O)cc2)cc1Cl,32000,4.494850022
CHEMBL4445237,,CS(=O)(=O)NC(=O)c1cc(F)c(-c2ccc(Cl)c(Cl)c2)cc1F,42000,4.37675071
CHEMBL3968947,,O=C(O)CCCOc1ccc(-c2cc(OC(F)(F)F)ccc2Cl)cc1,17430,4.758702613
CHEMBL4559824,,CS(=O)(=O)NC(=O)c1ccc(-c2ccc(Cl)c(Cl)c2)cc1,42000,4.37675071
CHEMBL4071906,,Nc1cccnc1-c1cccc(C(=O)Nc2cccc(C(F)(F)F)c2-c2cccnc2)c1,3900,5.408935393
CHEMBL4100413,,O=C(Nc1cccc(C(F)(F)F)c1-c1cccnc1)c1cccc(-c2ncccc2OC(F)F)c1,220,6.657577319
CHEMBL4098932,,COc1ncccc1-c1c(NC(=O)c2cccc(-c3ccccn3)c2)cccc1C(F)(F)F,2400,5.619788758
CHEMBL4100514,,O=C(Nc1cccc(C(F)(F)F)c1-c1cccnc1)c1cccc(-c2ccccn2)c1,1100,5.958607315
CHEMBL4079509,,O=C(Nc1cccc(C(F)(F)F)c1-c1ccccn1)c1cccc(-c2ncccc2OC(F)F)c1,18,7.744727495
CHEMBL4076874,,O=C(Nc1cccc(C(F)(F)F)c1N1CCOCC1)c1cccc(-c2ccccn2)c1,400,6.397940009
CHEMBL4080898,,O=C(Nc1cccc(C(F)(F)F)c1-c1cccnn1)c1cccc(-c2ncccc2C(F)(F)F)c1,6800,5.167491087
CHEMBL5084930,,CCN=C(N)NC(=O)Nc1c(CC)cc(C(=O)NC(C)C)cc1CC,22400,4.649751982
CHEMBL5075910,,CCN=C(N)NC(=O)Nc1c(CC)cc(S(=O)(=O)NCC)cc1CC,30000,4.522878745
CHEMBL2018453,,Cc1ccc(O)c(C)c1OCC(C)N,30000,4.522878745
CHEMBL1200606,,Cc1cccc(C)c1OCC(C)N,7800,5.107905397
CHEMBL448416,,CN=C(N)NC(=O)Nc1c(C)cccc1C,30000,4.522878745
CHEMBL5082711,,CCN=C(N)NC(=O)Nc1c(CC)cccc1CC,3750,5.425968732
CHEMBL79,,CCN(CC)CC(=O)Nc1c(C)cccc1C,108000,3.966576245
CHEMBL698,,CCCCNc1ccc(C(=O)OCCN(C)C)cc1,650,6.187086643
CHEMBL432963,,CCCCN=C(N)NC(=O)c1ccc(C)cc1,9000,5.045757491
CHEMBL814,,COCCCC/C(=N\OCCN)c1ccc(C(F)(F)F)cc1,39400,4.404503778
CHEMBL1958460,,CCCCCCCC(O)(C(N)=O)c1cccc(Cl)c1,5780,5.238072162
CHEMBL1958461,,CCCCCCC[C@](O)(C(N)=O)c1cccc(Cl)c1,7430,5.129011186
CHEMBL1958462,,CCCCCCC[C@@](O)(C(N)=O)c1cccc(Cl)c1,4780,5.320572103
CHEMBL3958169,,COc1cc(-c2cc(OC)c(-n3c(=O)ccc4cc(S(=O)(=O)Nc5ccon5)ccc43)cc2F)ccc1C,10000,5
CHEMBL3935302,,COc1cc(-c2cc(F)cc(F)c2)c(C)cc1-n1c(=O)ccc2cc(S(=O)(=O)Nc3ccon3)ccc21,30000,4.522878745
CHEMBL3933527,,COc1cc(-c2ccc(Cl)c(C)c2)c(F)cc1-n1c(=O)ccc2cc(S(=O)(=O)Nc3ccon3)ccc21,30000,4.522878745
CHEMBL3945969,,COc1cc(-c2cc(F)cc(Cl)c2)c(F)cc1-n1c(=O)ccc2cc(S(=O)(=O)Nc3ccon3)ccc21,14000,4.853871964
CHEMBL3939521,,COc1cc(-c2cc(F)cnc2OC)ccc1-n1c(=O)ccc2cc(S(=O)(=O)Nc3ccon3)ccc21,10000,5
CHEMBL3658000,,O=C(NS(=O)(=O)N1CCC1)c1cc(C2CC2)c(OCC23CC4(F)CC(F)(CC(F)(C4)C2)C3)cc1F,950,6.022276395
CHEMBL3657943,,O=C(NS(=O)(=O)N1CC(F)(F)C1)c1cc(C2CC2)c(OCC23CC4CC(CC(C4)C2)C3)cc1F,326,6.4867824
CHEMBL3657838,,O=C(NS(=O)(=O)N1CC(O)C1)c1cc(C2CC2)c(OCC23CC4CC(CC(C4)C2)C3)cc1F,60.6,7.217527376
CHEMBL3657934,,O=C(NS(=O)(=O)N1CC(F)C1)c1cc(C2CC2)c(OCC23CC4CC(CC(C4)C2)C3)cc1F,422,6.374687549
CHEMBL3657953,,COC1CN(S(=O)(=O)NC(=O)c2cc(C3CC3)c(OCC34CC5CC(CC(C5)C3)C4)cc2F)C1,144,6.841637508
CHEMBL3657855,,O=C(NS(=O)(=O)N1CCC1)c1cc(C2CC2)c(OCC23CC4CC(CC(C4)C2)C3)cc1F,51.5,7.288192771
CHEMBL3657979,,CS(=O)(=O)NC(=O)c1cc(C2CC2)c(OCC23CC4(F)CC(F)(CC(F)(C4)C2)C3)cc1F,3500,5.455931956
CHEMBL3657937,,CS(=O)(=O)NC(=O)c1cc(C2CC2)c(OCC23CC4CC(C2)C(F)(F)C(C4)C3)cc1F,714,6.146301788
CHEMBL3657840,,COCCS(=O)(=O)NC(=O)c1cc(C2CC2)c(OCC23CC4CC(CC(C4)C2)C3)cc1F,101,6.995678626
CHEMBL3657851,,CS(=O)(=O)NC(=O)c1cc(C2CC2)c(OCC23CC4CC(CC(C4)C2)C3)cc1F,159,6.798602876
CHEMBL3657952,,O=C(NS(=O)(=O)NCCCO)c1cc(C2CC2)c(OCC23CC4CC(CC(C4)C2)C3)cc1F,22,7.657577319
CHEMBL3657877,,CS(=O)(=O)NC(=O)c1ccc(OCC23CC4CC(CC(C4)C2)C3)c(C2CC2)c1,700,6.15490196
CHEMBL110164,,COc1cc(C(=O)N=C(N)NCCCCc2ccccc2)cc(OC)c1OC,1510,5.821023053
CHEMBL106459,,Cc1ccccc1C(=O)N=C(N)NCCCCc1ccccc1,1750,5.756961951
CHEMBL108347,,CCCCOc1ccc(C(=O)N=C(N)NCCCCc2ccccc2)cc1,560,6.251811973
CHEMBL108727,,CCOc1ccc(C(=O)N=C(N)NCCCCc2ccccc2)cc1,1100,5.958607315
CHEMBL321883,,COc1ccc(C(=O)N=C(N)NCCCCc2ccccc2)cc1,2100,5.677780705
CHEMBL108728,,Cc1ccc(C(=O)N=C(N)NCCCCc2ccccc2)cc1,2850,5.54515514
CHEMBL5082739,,O=C(NS(=O)(=O)C1COC1)c1cc(C2CC2)c(OCC23CC4CC(CC(C4)C2)C3)cc1F,750,6.124938737
CHEMBL320248,,Cc1ccc(C(=O)N=C(N)NCCSCc2ccccc2)cc1,10800,4.966576245
CHEMBL108782,,Cc1ccc(C(=O)N=C(N)NCCCOc2ccccc2)cc1,5600,5.251811973
CHEMBL5081884,,CS(=O)(=O)NC(=O)c1cc(C2CC2)c(OCC2CCN(Cc3ccccc3)CC2)cc1F,30000,4.522878745
CHEMBL5082321,,CS(=O)(=O)NC(=O)c1cc(C2CC2)c(OCC2CCN(Cc3cc(Cl)cc(Cl)c3)CC2)cc1F,7000,5.15490196
CHEMBL5080891,,CS(=O)(=O)NC(=O)c1cc(C2CC2)c(OCC2CCN(Cc3ccc(Cl)cc3)CC2)cc1F,27000,4.568636236
CHEMBL431643,,N=C(NCCCCc1ccccc1)NC(=O)c1cc(Cl)ccc1Cl,7890,5.102922997
CHEMBL107684,,N=C(NCCCCc1ccccc1)NC(=O)c1ccc(Cl)c(Cl)c1,15500,4.809668302
CHEMBL110352,,N=C(NCCCCc1ccccc1)NC(=O)c1c(Cl)cccc1Cl,5400,5.26760624
CHEMBL109012,,N=C(NCCCCc1ccccc1)NC(=O)c1cccc(Cl)c1Cl,2710,5.567030709
CHEMBL322599,,N=C(NCCCCc1ccccc1)NC(=O)c1ccc(Cl)cc1,3600,5.443697499
CHEMBL322055,,CN=C(NCCCCc1ccccc1)NC(=O)c1ccc(C)cc1,9000,5.045757491
CHEMBL4084106,,CC(C)(N)c1nc(-c2ccc(OC(F)(F)F)cc2)c[nH]1,27000,4.568636236
CHEMBL3764088,,O=C(Cn1ncccc1=O)Nc1ccc(C[C@@H]2CC[C@H]([C@H](O)c3ccccc3)N2)cc1,30000,4.522878745
CHEMBL3765335,,CC(C(=O)Nc1ccc(C[C@@H]2CC[C@H]([C@H](O)c3ccccc3)N2)cc1)n1ncccc1=O,30000,4.522878745
CHEMBL3764592,,O=C(Cn1ccccc1=O)Nc1ccc(C[C@@H]2CC[C@H]([C@H](O)c3ccccc3)N2)cc1,30000,4.522878745
CHEMBL3763998,,CC(C(=O)Nc1ccc(C[C@@H]2CC[C@H]([C@H](O)c3cccnc3)N2)cc1)n1ncccc1=O,30000,4.522878745
CHEMBL3764950,,O=C(Cn1cnccc1=O)Nc1ccc(C[C@@H]2CC[C@H]([C@H](O)c3ccccc3)N2)cc1,30000,4.522878745
CHEMBL3763594,,O=C(Cn1cccnc1=O)Nc1ccc(C[C@@H]2CC[C@H]([C@H](O)c3ccccc3)N2)cc1,30000,4.522878745
CHEMBL5178575,,FC(F)(F)c1c(Cl)ccc(-n2ccnn2)c1Cl,30000,4.522878745
CHEMBL4065251,,CCn1nnc(CN2CCN(C(=O)c3ccc(C[C@@H]4CC[C@H]([C@H](O)c5ccccc5)N4)cc3)CC2)n1,30000,4.522878745
CHEMBL4085173,,O=C(c1ccc(C[C@@H]2CC[C@H]([C@H](O)c3ccccc3)N2)cc1)N1CCN(Cc2nnn(CC(F)(F)F)n2)CC1,30000,4.522878745
CHEMBL4103112,,O=C(c1ccc(C[C@@H]2CC[C@H]([C@H](O)c3ccccc3)N2)cc1)N1CCN(Cc2nnn(CC(F)F)n2)CC1,30000,4.522878745
CHEMBL4066314,,O=C(c1ccc(C[C@@H]2CC[C@H]([C@H](O)c3ccccc3)N2)cc1)N1CCN(Cc2ncn(CC(F)(F)F)n2)CC1,30000,4.522878745
CHEMBL4087670,,O=C(c1ccc(C[C@@H]2CC[C@H]([C@H](O)c3ccccc3)N2)cc1)N1CCN(Cc2ncn(CC(F)F)n2)CC1,30000,4.522878745
CHEMBL3113257,,CC(C)(C)OC(=O)n1cc(-c2ccc(NC(=O)C3CCCN3)cc2)nc1N,20000,4.698970004
CHEMBL3113259,,Nc1nc(-c2ccc(NC(=O)C3CCCN3)cc2)c[nH]1,30000,4.522878745
CHEMBL3113244,,CC(C)(C)OC(=O)n1cc(-c2ccc(NC(=O)c3ccc[nH]3)cc2)nc1N,30000,4.522878745
CHEMBL3113246,,Nc1nc(-c2ccc(NC(=O)c3ccc[nH]3)cc2)c[nH]1,30000,4.522878745
CHEMBL3113245,,Nc1nc(-c2cccc(NC(=O)c3ccc[nH]3)c2)c[nH]1,30000,4.522878745
CHEMBL1382,,Cc1ccc(O)c([C@H](CCN(C(C)C)C(C)C)c2ccccc2)c1,31622.78,4.499999953
CHEMBL657,,CN(C)CCOC(c1ccccc1)c1ccccc1,41000,4.387216143
CHEMBL3113249,,CC(C)(C)OC(=O)n1cc(-c2ccc(NC(=O)c3ccco3)cc2)nc1N,30000,4.522878745
CHEMBL3617065,,CNS(=O)(=O)NC(=O)c1cc(Cl)c(Oc2cnc(OCC(C)C)c(Cl)c2)cc1F,7200,5.142667504
CHEMBL4537339,,CS(=O)(=O)NC(=O)c1cc(F)c(Oc2ccc(Cl)c(Cl)c2)cc1F,30000,4.522878745
CHEMBL1118,,CN(C)CC(c1ccc(O)cc1)C1(O)CCCCC1,199526.23,3.700000003
CHEMBL3112596,,CNc1nc(-c2cccc(NC(=O)c3cc4ccccc4[nH]3)c2)c[nH]1,20000,4.698970004
CHEMBL3113252,,Nc1nc(-c2cccc(NC(=O)c3cc4ccccc4[nH]3)c2)c[nH]1,30000,4.522878745
CHEMBL3113243,,CNc1nc(-c2cccc(NC(=O)c3cc4ccccc4[nH]3)c2)cn1C(=O)OC(C)(C)C,30000,4.522878745
CHEMBL3113250,,CC(C)(C)OC(=O)n1cc(-c2cccc(NC(=O)c3cc4ccccc4[nH]3)c2)nc1N,30000,4.522878745
CHEMBL2164381,,N#CCCn1c(O)c2ccccc2c1C(=O)NCc1ccc(OC(F)(F)F)cc1,26000,4.585026652
CHEMBL3657882,,CN(C)S(=O)(=O)NC(=O)c1cc(Cl)c(OCC23CC4CC(C2)C(F)(F)C(C4)C3)cc1F,3760,5.424812155
CHEMBL3341985,,CS(=O)(=O)NC(=O)c1cc(Cl)c(OCC23CC4CC(CC(C4)C2)C3)cc1F,1900,5.721246399
CHEMBL3657820,,CN(C)S(=O)(=O)NC(=O)c1cc(Cl)c(OCC23CC4CC(CC(C4)C2)C3)cc1F,772,6.1123827
CHEMBL3657852,,CS(=O)(=O)NC(=O)c1ccc(OCC23CC4CC(CC(C4)C2)C3)c(Br)c1,1950,5.709965389
CHEMBL105929,,Cc1ccc(C(=O)N=C(N)Nc2ccccc2C(C)C)cc1,4500,5.346787486
CHEMBL107394,,Cc1ccc(C(=O)N=C(N)Nc2ccc(C(C)C)cc2)cc1,19700,4.705533774
CHEMBL106351,,Cc1ccc(C(=O)N=C(N)Nc2ccc(OC(C)C)cc2)cc1,5750,5.240332155
CHEMBL3128180,,Cc1nc2c(s1)CCC2C(=O)Nc1ccc(C[C@@H]2CC[C@H]([C@H](O)c3cccnc3)N2)cc1,30000,4.522878745
CHEMBL3128178,,O=C(Nc1ccc(C[C@@H]2CC[C@H]([C@H](O)c3cccnc3)N2)cc1)C1CCc2scnc21,30000,4.522878745
CHEMBL3311308,,COc1ccc(S(=O)(=O)Nc2c(C)cc(C)cc2C)cc1,100000,4
CHEMBL5084225,,CCN=C(N)NC(=O)Nc1c(CC)cc(NS(=O)(=O)c2ccccc2)cc1CC,30000,4.522878745
CHEMBL3128194,,Nc1nc2c(s1)CCC2C(=O)Nc1ccc(C[C@@H]2CC[C@H]([C@H](O)c3ccccc3)N2)cc1,5600,5.251811973
CHEMBL3128188,,O=C(Nc1ccc(C[C@@H]2CC[C@H]([C@H](O)c3cccnc3)N2)cc1)C1CCc2ccnn21,30000,4.522878745
CHEMBL105782,,COc1cc(N=C(N)NC(=O)c2ccc(C)cc2)cc(OC)c1OC,24350,4.613501034
CHEMBL5076143,,CCN=C(N)NC(=O)Nc1c(CC)cc(C(=O)NCc2ccccc2)cc1CC,24000,4.619788758
CHEMBL652,,O=C(NCC1CCCCN1)c1cc(OCC(F)(F)F)ccc1OCC(F)(F)F,6500,5.187086643
CHEMBL631,,CCCNCC(O)COc1ccccc1C(=O)CCc1ccccc1,1190,5.924453039
CHEMBL3658014,,O=C(NS(=O)(=O)C1CC1)c1cc(C2CC2)c(OCC23CC4(F)CC(F)(CC(F)(C4)C2)C3)cc1F,430,6.366531544
CHEMBL3662090,,O=C(NS(=O)(=O)C1CC1)c1cc(C2CC2)c(OCC23CC4CC(C2)C(F)(F)C(C4)C3)cc1F,130,6.886056648
CHEMBL3657932,,O=C(NS(=O)(=O)C1CC1)c1cc(C2CC2)c(OCC23CC4CC(CC(C4)C2)C3)cc1F,26,7.585026652
CHEMBL4087679,,Nc1nccn2c([C@@H]3CCCC(C(=O)O)C3)nc(-c3ccc(C(=O)Nc4cc(C(F)(F)F)ccn4)cc3)c12,30000,4.522878745
CHEMBL3662230,,O=C(NS(=O)(=O)N1CCC1)c1cc(C2CC2)c(OCC2CCC(F)(F)CC2)cc1F,940,6.026872146
CHEMBL3658002,,O=C(NS(=O)(=O)N1CCC1)c1cc(C2CC2)c(OCC2(C(F)(F)F)CCCCC2)cc1F,350,6.455931956
CHEMBL3662238,,O=C(NS(=O)(=O)N1CCC1)c1cc(C2CC2)c(OCC2CCCCC2)cc1F,40,7.397940009
CHEMBL3657950,,CS(=O)(=O)NC(=O)c1cc(C2CC2)c(OCC2CCC(F)(F)CC2)cc1F,5230,5.281498311
CHEMBL3657967,,COCCS(=O)(=O)NC(=O)c1cc(C2CC2)c(OCC2CCCCC2)cc1F,140,6.853871964
CHEMBL3662236,,CS(=O)(=O)NC(=O)c1cc(C2CC2)c(OCC2CCCCC2)cc1F,670,6.173925197
CHEMBL209064,,CN(C)C(=O)C(c1ccc(-c2ccc3ncnn3c2)cc1)C(N)C(=O)N1CCC(F)(F)C1,100000,4
CHEMBL210829,,CN(C)C(=O)C(c1ccc(-c2ccn3ncnc3c2)cc1)C(N)C(=O)N1CCC(F)(F)C1,100000,4
CHEMBL2012041,,Cc1ccc(Oc2ccc(Nc3cncc(N)n3)cc2)cc1,410,6.387216143
CHEMBL2011946,,Nc1cncc(Nc2ccc(Oc3ccc(Cl)cc3)cc2)c1,11800,4.928117993
CHEMBL2011947,,Nc1ncnc(Nc2ccc(Oc3ccc(Cl)cc3)cc2)n1,3200,5.494850022
CHEMBL3657931,,O=C(NS(=O)(=O)N1CC[C@H](O)C1)c1cc(C2CC2)c(OCC23CC4CC(CC(C4)C2)C3)cc1F,110,6.958607315
CHEMBL3657938,,O=C(NS(=O)(=O)N1CCCC1)c1cc(C2CC2)c(OCC23CC4CC(CC(C4)C2)C3)cc1F,1500,5.823908741
CHEMBL4068919,,C[C@]1(C(=O)O)CC[C@@](C)(c2nc(-c3ccc(C(=O)Nc4cc(C(F)(F)F)ccn4)cc3)c3c(N)nccn23)C1,30000,4.522878745
CHEMBL3657998,,O=C(NS(=O)(=O)C1CC1)c1cc(C2CC2)c(OCC2CCC(F)(F)CC2)cc1F,630,6.200659451
CHEMBL3662229,,O=C(NS(=O)(=O)C1CC1)c1cc(C2CC2)c(OCC2(C(F)(F)F)CCCCC2)cc1F,160,6.795880017
CHEMBL524992,,O=C(c1ccc(C(F)(F)F)cc1)N1CCC2(CCc3ccccc3O2)CC1,10000,5
CHEMBL3113255,,Nc1nc(-c2cccc(NC(=O)c3c[nH]c4ccccc34)c2)c[nH]1,30000,4.522878745
CHEMBL3113254,,CC(C)(C)OC(=O)n1cc(-c2cccc(NC(=O)c3c[nH]c4ccccc34)c2)nc1N,30000,4.522878745
CHEMBL3113253,,Nc1nc(-c2ccc(NC(=O)c3cc4ccccc4[nH]3)cc2)c[nH]1,30000,4.522878745
CHEMBL3113251,,CC(C)(C)OC(=O)n1cc(-c2ccc(NC(=O)c3cc4ccccc4[nH]3)cc2)nc1N,30000,4.522878745
CHEMBL320332,,Cc1ccc(C(=O)N=C(N)NCCc2ccc(Cl)cc2)cc1,8500,5.070581074
CHEMBL107354,,Cc1ccc(C(=O)N=C(N)NCCc2ccccc2)cc1,5650,5.247951552
CHEMBL4564010,,COc1cc(C(=O)NS(C)(=O)=O)c(F)cc1-c1cnc(OC2CCC2)c(Cl)c1,18000,4.744727495
CHEMBL4590389,,COc1cc(C(=O)NS(C)(=O)=O)ccc1-c1cnc(OC2CCC2)c(Cl)c1,17800,4.749579998
CHEMBL4459021,,COc1cc(C(=O)NS(C)(=O)=O)c(F)cc1-c1cnc(OCC2(C)CC2)c(Cl)c1,11000,4.958607315
CHEMBL4558539,,COc1cc(C(=O)NS(C)(=O)=O)ccc1-c1cnc(OCC2(C)CC2)c(Cl)c1,9300,5.031517051
CHEMBL1914835,,O=C(CCc1ccccc1)c1ccccc1OCC(O)CN1CCC(c2ccccc2)CC1,5000,5.301029996
CHEMBL1914844,,Cc1ccc(N2CCN(CC(O)COc3ccccc3C(=O)CCc3ccccc3)CC2)cc1,5000,5.301029996
CHEMBL3763934,,O=C(Nc1ccc(C[C@@H]2CC[C@H]([C@H](O)c3ccccc3)N2)cc1)C1CCc2cccc(=O)n21,30000,4.522878745
CHEMBL2107826,,O=C(Nc1ccc(C[C@@H]2CC[C@H]([C@H](O)c3ccccc3)N2)cc1)C1CCc2nccc(=O)n21,30000,4.522878745
CHEMBL3683244,,COc1cc(-c2ccc(F)c(F)c2)ccc1-c1cccc2c1CCN(S(=O)(=O)Nc1nncs1)C2,10000,5
CHEMBL192,,CCCc1nn(C)c2c(=O)[nH]c(-c3cc(S(=O)(=O)N4CCN(C)CC4)ccc3OCC)nc12,501187.23,3.300000003
CHEMBL1520,,CCCc1nc(C)c2c(=O)[nH]c(-c3cc(S(=O)(=O)N4CCN(CC)CC4)ccc3OCC)nn12,199526.23,3.700000003
CHEMBL2012030,,Nc1ccnc(Nc2ccc(Oc3ccc(C4CC4)cc3)cc2)n1,2000,5.698970004
CHEMBL2012042,,Nc1cncc(Nc2ccc(Oc3ccc(C4CC4)cc3)cc2)n1,3000,5.522878745
CHEMBL105997,,Cc1ccc(C(=O)N=C(N)NCCCc2ccccc2)cc1,5250,5.279840697
CHEMBL106356,,Cc1ccc(C(=O)N=C(N)NCCOc2ccccc2)cc1,14200,4.847711656
CHEMBL1938867,,Cn1c(SCc2ccc(C(C)(C)C)cc2)nc(N)cc1=O,200,6.698970004
CHEMBL1313991,,CC(C)(C)c1ccc(CSc2nc(=O)cc(N)[nH]2)cc1,300,6.522878745
CHEMBL4129030,,CS(=O)(=O)NC(=O)c1cc(F)c(COc2ccc(Cl)c(Cl)c2)cc1F,11000,4.958607315
CHEMBL4092912,,O=C(c1ccc(C[C@@H]2CC[C@H]([C@H](O)c3ccccc3)N2)cc1)N1CCN(Cc2nnn(CC3CC3)n2)CC1,30000,4.522878745
CHEMBL4073137,,O=C(c1ccc(C[C@@H]2CC[C@H]([C@H](O)c3ccccc3)N2)cc1)N1CCN(Cc2ccccn2)CC1,30000,4.522878745
CHEMBL3764774,,O=C(Cn1cnc2ccccc2c1=O)Nc1ccc(C[C@@H]2CC[C@H]([C@H](O)c3ccccc3)N2)cc1,30000,4.522878745
CHEMBL255863,,Cc1cn(-c2cc(NC(=O)c3ccc(C)c(Nc4nccc(-c5cccnc5)n4)c3)cc(C(F)(F)F)c2)cn1,5011872.34,2.3
CHEMBL3657939,,O=C(NS(=O)(=O)N1CCOCC1)c1cc(C2CC2)c(OCC23CC4CC(CC(C4)C2)C3)cc1F,14,7.853871964
CHEMBL1323,,CC(C)CN(C[C@@H](O)[C@H](Cc1ccccc1)NC(=O)O[C@H]1CO[C@H]2OCC[C@H]21)S(=O)(=O)c1ccc(N)cc1,100000,4
CHEMBL5203937,,Cn1nc(C(=O)O)cc1COc1cccc([C@@H](NC(=O)O[C@H]2CN3CCC2CC3)c2ccccc2)c1,100000,4
CHEMBL1078264,,CC1(c2ccccc2)CCCN(C(=O)NCc2ccc(-c3ccc4[nH]ccc4c3)cc2)C1,10000,5
CHEMBL3657972,,O=C(NS(=O)(=O)N1CCC1)c1cc(C2CC2)c(OCC2C3CC4CC(C3)CC2C4)cc1F,130,6.886056648
CHEMBL3617064,,O=C(NS(=O)(=O)N1CCC1)c1cc(C2CC2)c(O[C@H]2C3CC4CC2C[C@](Cl)(C4)C3)cc1F,22000,4.657577319
CHEMBL3325531,,O=C1C[C@@H](c2ccc(F)cc2)[C@H](COc2cc(F)c(S(=O)(=O)Nc3ncns3)cc2F)CN1,10000,5
CHEMBL4282052,,CCOc1cc(CN2CCC3(CC2)CC(=O)N(c2ccc(C(=O)O)cc2)C3)cc(OCC)c1-c1ccc(F)cc1,15000,4.823908741
CHEMBL1684585,,Nc1nc(CC(=O)Nc2ccc(C[C@@H]3CC[C@H]([C@H](O)c4ccccc4)N3)cc2)cs1,30000,4.522878745
CHEMBL3657848,,CC1(C)CCc2cc(OCc3cc(F)c(C(=O)NS(=O)(=O)N4CCC4)cc3Cl)ccc2O1,653,6.185086819
CHEMBL3662190,,CC1(COc2cc(F)c(C(=O)NS(=O)(=O)C3CC3)cc2C2CC2)CCC2(CC1)CC2,50,7.301029996
CHEMBL3662093,,O=C(NS(=O)(=O)N1CCC1)c1cc(C2CC2)c(OCC23CCCCC2C3)cc1F,160,6.795880017
CHEMBL3657930,,O=C(NS(=O)(=O)C1CC1)c1cc(Cl)c(OCC23CC4CC(CC(C4)C2)C3)cc1F,427,6.369572125
CHEMBL1480490,,O=C(COc1cccc2cccnc12)Nc1ccccc1N1CCOCC1,980,6.008773924
CHEMBL3341984,,CC(C)Oc1ncc(Oc2cc(F)c(C(=O)NS(=O)(=O)N3CCC3)cc2C2CC2)cc1Cl,1200,5.920818754
CHEMBL3662081,,O=C(NS(=O)(=O)N1CCC1)c1cc(C2CC2)c(OCC2(C(F)(F)F)CCCC2)cc1F,90,7.045757491
CHEMBL5190568,,Cc1ccc(S(=O)(=O)Nc2cc(C(=O)NCc3ccc(C)nc3)ccc2C)cc1,30000,4.522878745
CHEMBL4226210,,Fc1ccc(C(CCCNCCCN2CCCCC2)c2ccc(F)cc2)cc1,4800,5.318758763
CHEMBL4293085,,O=C(NCc1ccc(OC(F)(F)F)c(Cl)c1)c1ccc(S(=O)(=O)Nc2ncns2)c(F)c1,4870,5.312471039
CHEMBL4545044,,CCn1cnc2c(-c3ccc(F)c(-c4cc5c(cc4OC)C(=O)N(C)C5)c3)cnnc21,100000,4
CHEMBL4277264,,Cc1cc(Oc2nccc3occc23)ccc1-c1c(C)ncc2nccn12,1100,5.958607315
CHEMBL106610,,Cc1ccc(C(=O)N=C(N)NCCCCCc2ccccc2)cc1,3600,5.443697499
CHEMBL5083410,,CS(=O)(=O)NC(=O)c1cc(C2CC2)c(OCC2CN(Cc3ccccc3)C2)cc1F,30000,4.522878745
CHEMBL1111,,COC(c1ccccc1)(c1ccccc1)C(Oc1nc(C)cc(C)n1)C(=O)O,1000000,3
CHEMBL1008,,CC(C)COCC(CN(Cc1ccccc1)c1ccccc1)N1CCCC1,3700,5.431798276
CHEMBL4229014,,Fc1ccc(CCCCNCCCN2CCCCC2)cc1,5900,5.229147988
CHEMBL3544913,,NC(=O)C1CC[C@H](c2ccc(OCc3ccccc3F)cc2)N1,84000,4.075720714
CHEMBL552338,,O=C(c1ccccc1C(F)(F)F)N(CC1CCC1)[C@H]1CCNC1,26000,4.585026652
CHEMBL4457557,,NC(=O)c1ccc(Cc2ccccc2)cc1-c1cccc(CCC(=O)O)c1,33300,4.477555766
CHEMBL6966,,COc1ccc(CCN(C)CCCC(C#N)(c2ccc(OC)c(OC)c2)C(C)C)cc1OC,41500,4.381951903
CHEMBL108070,,Cc1ccc(C(=O)N=C(N)NCCc2cccs2)cc1,10500,4.978810701
CHEMBL3657929,,CS(=O)(=O)NC(=O)c1cc(Cl)c(OCC2CC3C4CCC(C4)C3C2)cc1F,743,6.129011186
CHEMBL4517426,,CC(C)COc1ncc(-c2ccc(C(=O)NS(C)(=O)=O)cc2C2=CCOC2)cc1Cl,42000,4.37675071
CHEMBL1631095,,NC(=O)c1cc(C(N)=O)n(-c2cccc(-c3cc(C(F)(F)F)ccc3C(F)(F)F)c2)n1,1320,5.879426069
CHEMBL3657921,,CN(C)S(=O)(=O)NC(=O)c1cc(Cl)c(OC2CC3CC2C2CCCC32)cc1F,7820,5.106793247
CHEMBL3654182,,CC1(C)[C@H]2CC[C@H](COc3cc(F)c(C(=O)NS(C)(=O)=O)cc3Cl)[C@@H]1C2,1070,5.970616222
CHEMBL2047521,,O=C(Nc1cnc(Cl)nc1)c1ccc(F)c(F)c1,30000,4.522878745
CHEMBL1079257,,O=C(O)CCC1(c2ccccc2C(F)(F)F)CCCN(C(=O)Nc2ccc(Cl)cc2)C1,10000,5
CHEMBL1078715,,O=C(O)CCC1(c2ccc(C(F)(F)F)cc2)CCCN(C(=O)Nc2ccc(Cl)cc2)C1,10000,5
CHEMBL1079258,,O=C(O)CCC1(c2cccc(C(F)(F)F)c2)CCCN(C(=O)Nc2ccc(Cl)cc2)C1,10000,5
CHEMBL1077781,,O=C(O)CC1(c2ccccc2)CCCN(C(=O)Nc2ccc(Cl)cc2)C1,10000,5
CHEMBL1078565,,O=C(O)CCCC1(c2ccccc2)CCCN(C(=O)Nc2ccc(Cl)cc2)C1,10000,5
CHEMBL1078628,,CCN(CC)C(=O)CCC1(c2ccccc2)CCCN(C(=O)Nc2ccc(Cl)cc2)C1,10000,5
CHEMBL1078657,,O=C(O)CCCCC1(c2ccccc2)CCCN(C(=O)Nc2ccc(Cl)cc2)C1,10000,5
CHEMBL1078755,,N#CCCC1(c2ccccc2)CCCN(C(=O)Nc2ccc(Cl)cc2)C1,10000,5
CHEMBL1079140,,CN(C)CCC1(c2ccccc2)CCCN(C(=O)Nc2ccc(Cl)cc2)C1,10000,5
CHEMBL1079246,,CNC(=O)CCC1(c2ccccc2)CCCN(C(=O)Nc2ccc(Cl)cc2)C1,10000,5
CHEMBL1079256,,O=C(O)CCC1(c2ccccc2)CCCN(C(=O)Nc2ccc(Cl)cc2)C1,10000,5
CHEMBL1079290,,O=C(Nc1ccc(Cl)cc1)N1CCCC(CCO)(c2ccccc2)C1,10000,5
CHEMBL1079291,,O=C(Nc1ccc(Cl)cc1)N1CCCC(CCCO)(c2ccccc2)C1,10000,5
CHEMBL1077963,,O=C(O)CCC1(c2ccccn2)CCCN(C(=O)Nc2ccc(Cl)cc2)C1,10000,5
CHEMBL1079362,,CC1(c2ccccc2)CCCN(C(=O)Nc2ccncc2)C1,10000,5
CHEMBL1078337,,O=C(O)CCC1(c2cccnc2)CCCN(C(=O)Nc2ccc(Cl)cc2)C1,10000,5
CHEMBL1078336,,O=C(O)CCC1(c2ccncc2)CCCN(C(=O)Nc2ccc(Cl)cc2)C1,10000,5
CHEMBL1079360,,CC1(c2ccccc2)CCCN(C(=O)Nc2ccc(Cl)cc2)C1,10000,5
CHEMBL561788,,O=C(NC1CC1c1ccccc1)N1CCC(c2nc(-c3ccccc3C(F)(F)F)no2)CC1,10000,5
CHEMBL551058,,CS(=O)(=O)c1ccc(-c2noc(C3CCN(C(=O)NC4CC4c4ccccc4)CC3)n2)cc1,10000,5
CHEMBL559531,,O=C(O)c1ccc(-c2noc(C3CCN(C(=O)NC4CC4c4ccccc4)CC3)n2)cc1,10000,5
CHEMBL564757,,O=C(NC1CC1c1ccccc1)N1CCC(c2nc(-c3cccnc3)no2)CC1,10000,5
CHEMBL556487,,O=C(NC1CC1c1ccccc1)N1CCC(c2nc(-c3ccncc3)no2)CC1,10000,5
CHEMBL562822,,O=C(N[C@@H]1C[C@H]1c1ccccc1)N1CCC(c2nc(-c3ccccn3)no2)CC1,10000,5
CHEMBL552382,,O=C(NC1CC1c1ccccc1)N1CCC(c2nc(-c3ccccn3)no2)CC1,10000,5
CHEMBL557032,,O=C(NC1CC1c1ccccc1)N1CCC(c2nc(-c3cnccn3)no2)CC1,10000,5
CHEMBL551517,,O=C(NC1CC1c1ccccc1)N1CCC(c2nc(-c3ncccn3)no2)CC1,10000,5
CHEMBL3634334,,COc1ccccc1OCC(O)CN1CCC(N2Cc3ccccc3C2=O)CC1,77000,4.113509275
CHEMBL3634336,,COc1ccc(OCC(O)CN2CCC(N3Cc4ccccc4C3=O)CC2)cc1,13000,4.886056648
CHEMBL3634335,,COc1cccc(OCC(O)CN2CCC(N3Cc4ccccc4C3=O)CC2)c1,10000,5
CHEMBL3634333,,O=C1c2ccccc2CN1C1CCN(CC(O)COc2ccccc2)CC1,38000,4.420216403
CHEMBL3632693,,COc1cc(C(F)(F)F)ccc1OCC(O)CN1CCC(N2Cc3ccccc3C2=O)CC1,5600,5.251811973
CHEMBL3634337,,O=C1c2ccccc2CN1C1CCN(CC(O)COc2ccccc2C(F)(F)F)CC1,7100,5.148741651
CHEMBL3632692,,O=C1c2ccccc2CN1C1CCN(CC(O)COc2ccc(C(F)(F)F)cc2)CC1,2800,5.552841969
CHEMBL3632691,,O=C1c2ccccc2CN1C1CCN(CC(O)COc2cccc(C(F)(F)F)c2)CC1,4400,5.356547324
CHEMBL563732,,O=C(NC1CC1c1ccccc1)N1CCC(n2cncn2)CC1,10000,5
CHEMBL564975,,O=C(NC1CC1c1ccccc1)N1CCC(n2ccnn2)CC1,10000,5
CHEMBL550652,,Cn1cnnc1C1CCN(C(=O)NC2CC2c2ccccc2)CC1,10000,5
CHEMBL562869,,Cn1cc(C2CCN(C(=O)NC3CC3c3ccccc3)CC2)nn1,10000,5
CHEMBL559101,,O=C(NC1CC1c1ccccc1)N1CCC(n2cccn2)CC1,10000,5
CHEMBL561379,,O=C(NC1CC1c1ccccc1)N1CCC(c2nnco2)CC1,10000,5
CHEMBL564547,,Cc1noc(C2CCN(C(=O)NC3CC3c3ccccc3)CC2)n1,10000,5
CHEMBL561259,,O=C(NC1CC1c1ccccc1)N1CCC(c2ncon2)CC1,10000,5
CHEMBL5071877,,CS(=O)(=O)NC(=O)c1cc(C2CC2)c(OCC2CCN(Cc3ccc(OC(F)(F)F)cc3)CC2)cc1F,17000,4.769551079
CHEMBL3634324,,O=C1CCc2c(cccc2C2CCN(CC(O)COc3ccccc3C(=O)c3ccccc3)CC2)N1,18000,4.744727495
CHEMBL3634322,,O=C1COc2c(cccc2C2CCN(CC(O)COc3ccccc3C(=O)c3ccccc3)CC2)N1,7000,5.15490196
CHEMBL2337981,,CC(C)(C)NC(=O)NCCN1CCC(CO)(CNC(=O)c2cc(Cl)cc(Cl)c2)CC1,33000,4.48148606
CHEMBL1081703,,CC1(c2ccccc2)CCCN(C(=O)NCc2ccc(-c3ccccn3)cc2)C1,10000,5
CHEMBL1621,,Cc1nc2n(c(=O)c1CCN1CCC(c3noc4cc(F)ccc34)CC1)CCCC2O,25118.86,4.600000075
CHEMBL85,,Cc1nc2n(c(=O)c1CCN1CCC(c3noc4cc(F)ccc34)CC1)CCCC2,102000,3.991399828
CHEMBL1813048,,CC(=O)Nc1cccc(Nc2ncnc(N3CCC(OCc4ccc(OC(F)(F)F)cc4)CC3)n2)c1C,5200,5.283996656
CHEMBL1813042,,CC(=O)Nc1cccc(Nc2ncnc(N3CCC(OCc4ccc(C(F)(F)F)cc4)CC3)n2)c1C,6800,5.167491087
CHEMBL1627,,CNC(=O)C(CCN1CCC(O)(c2ccc(Cl)cc2)CC1)(c1ccccc1)c1ccccc1,483,6.316052869
CHEMBL841,,CN(C)C(=O)C(CCN1CCC(O)(c2ccc(Cl)cc2)CC1)(c1ccccc1)c1ccccc1,239,6.621602099
CHEMBL3632695,,COc1cc(C(F)(F)F)ccc1COCC(O)CN1CCC(N2Cc3ccccc3C2=O)CC1,6100,5.214670165
CHEMBL3632694,,O=C1c2ccccc2CN1C1CCN(CC(O)COCc2ccc(C(F)(F)F)cc2)CC1,3000,5.522878745
CHEMBL1813049,,CC(=O)Nc1cccc(Nc2ncnc(N3CCC(Oc4ccc(C(F)(F)F)cc4)CC3)n2)c1C,500,6.301029996
CHEMBL1813050,,CC(=O)Nc1cccc(Nc2ncnc(N3CCC(Oc4ccc(OC(F)(F)F)cc4)CC3)n2)c1C,300,6.522878745
CHEMBL1729,,COc1cc(N)c(Cl)cc1C(=O)NC1CCN(CCCOc2ccc(F)cc2)CC1OC,14700,4.832682665
CHEMBL3632696,,O=C(NC1CCN(CC(O)COc2ccc(C(F)(F)F)cc2)CC1)c1ccccc1,1100,5.958607315
CHEMBL1080973,,CC1(c2ccccc2)CCCN(C(=O)NCc2ccc(Cl)cc2Cl)C1,10000,5
CHEMBL3634326,,O=C(c1ccccc1)c1ccccc1OCC(O)CN1CCC(N2C(=O)COc3ccccc32)CC1,5200,5.283996656
CHEMBL3632641,,O=C(c1ccccc1)c1ccc(OCC(O)CN2CCC(N3Cc4ccccc4C3=O)CC2)cc1,1200,5.920818754
CHEMBL3634332,,O=C(c1ccccc1)c1cccc(OCC(O)CN2CCC(N3Cc4ccccc4C3=O)CC2)c1,3700,5.431798276
CHEMBL3634329,,O=C(c1ccccc1)c1ccccc1OCC(O)CN1CCC(N2Cc3ccccc3C2=O)CC1,24000,4.619788758
CHEMBL3634327,,O=C(c1ccccc1)c1ccccc1OCC(O)CN1CCC(n2c(=O)oc3ccccc32)CC1,3400,5.468521083
CHEMBL3634328,,O=C(c1ccccc1)c1ccccc1OCC(O)CN1CCC(n2c(O)cc3ccccc32)CC1,33000,4.48148606
CHEMBL552061,,O=C(NC1CC1c1ccccc1)N1CCC(c2nc(-c3nccc4ccccc34)no2)CC1,10000,5
CHEMBL551921,,O=C(NC1CC1c1ccccc1)N1CCC(c2nc(-c3ccc4ccccc4n3)no2)CC1,10000,5
CHEMBL3634331,,O=C(c1ccccc1)c1ccccc1OCC(O)CN1CCC(C(=O)Nc2ccccc2)CC1,1900,5.721246399
CHEMBL3634330,,O=C(NC1CCN(CC(O)COc2ccccc2C(=O)c2ccccc2)CC1)c1ccccc1,4900,5.30980392
CHEMBL562926,,O=C(NC1CCc2ccccc2CC1)N1CCC(c2nc(-c3ccccn3)no2)CC1,10000,5
CHEMBL1078232,,O=C(CCC1(c2ccccc2)CCCN(C(=O)Nc2ccc(Cl)cc2)C1)N1CCOCC1,10000,5
CHEMBL550242,,O=C(NC1CCc2ccccc2C1)N1CCC(c2nc(-c3ccccn3)no2)CC1,10000,5
CHEMBL1796068,,COCCCn1cc(CN(C(=O)C2CNCC[C@@H]2c2ccn(C)c(=O)c2)C2CC2)c2ccccc21,30000,4.522878745
CHEMBL1079244,,O=C(Nc1ccc(Cl)cc1)N1CCCC(CCC2=NNNN2)(c2ccccc2)C1,10000,5
CHEMBL552402,,O=C(NC1CC1c1ccccc1)N1CCC(c2nc3ccccc3o2)CC1,10000,5
CHEMBL555347,,O=C(Nc1ccc(C(F)(F)F)cc1)N1CCC(c2nc(-c3ccccn3)no2)CC1,10000,5
CHEMBL3632698,,COc1cc(C(F)(F)F)ccc1COCC(O)CN1CCC(C(=O)Nc2ccccc2)CC1,16000,4.795880017
CHEMBL3632697,,O=C(Nc1ccccc1)C1CCN(CC(O)COc2ccc(C(F)(F)F)cc2)CC1,3400,5.468521083
CHEMBL5080495,,CS(=O)(=O)NC(=O)c1cc(C2CC2)c(OCC2CCN(C(=O)c3cc(Cl)cc(Cl)c3)CC2)cc1F,6400,5.193820026
CHEMBL552196,,Cc1c(C2CCN(C(=O)NC3CC3c3ccccc3)CC2)o[nH]c1=O,10000,5
CHEMBL1079361,,CC1(c2ccccc2)CCCN(C(=O)Nc2noc3ccccc23)C1,10000,5
CHEMBL1077780,,CC1(c2ccccc2)CCCN(C(=O)N[C@H]2C[C@@H]2c2ccccc2)C1,10000,5
CHEMBL488817,,CC1(C)C[C@@H](CN2CCC(F)(CNC(=O)c3cc(Cl)cc(Cl)c3)CC2)CCO1,84000,4.075720714
CHEMBL2392692,,CNc1nc(C)nc(N2CCC(C(=O)NCc3ccc(Br)cc3OC(F)(F)F)CC2)n1,10000,5
CHEMBL270190,,C[C@H]1CN(CC(Cc2ccccc2)C(=O)NCC(=O)O)CC[C@@]1(C)c1cccc(O)c1,251188.64,3.600000005
CHEMBL3318957,,CCOC[C@@H](CC(C)C)NC(=O)C1CNCC(C(=O)N(c2ccc(C(C)C)cn2)C2CC2)[C@@H]1O,30000,4.522878745
CHEMBL4292013,,Cn1cc(-c2ccc(C(F)(F)F)cc2)c2cc(F)c(C(=O)NS(C)(=O)=O)cc21,30000,4.522878745
CHEMBL4475206,,Cn1cc(-c2ccc(C(F)F)cc2)c2cc(F)c(C(=O)NS(C)(=O)=O)cc21,30000,4.522878745
CHEMBL4473435,,Cn1cc(-c2cccc(F)c2F)c2ccc(C(=O)NS(C)(=O)=O)cc21,30000,4.522878745
CHEMBL4462435,,CC(C)COc1ccc(-c2cn(C)c3cc(C(=O)NS(C)(=O)=O)ccc23)cc1,18000,4.744727495
CHEMBL4553935,,Cn1cc(-c2ccc(OC(F)(F)F)cc2)c2ccc(C(=O)NS(C)(=O)=O)cc21,16000,4.795880017
CHEMBL4437466,,Cc1ccc(-c2cn(C)c3cc(C(=O)NS(C)(=O)=O)ccc23)cc1,30000,4.522878745
CHEMBL4459790,,CN(C)S(=O)(=O)NC(=O)c1ccc2c(-c3ccc(C(F)(F)F)cc3)cn(C)c2c1,19000,4.721246399
CHEMBL4466131,,CC(C)Cc1ccc(-c2cn(C)c3cc(C(=O)NS(C)(=O)=O)ccc23)cc1,30000,4.522878745
CHEMBL4536400,,CCc1ccc(-c2cn(C)c3cc(C(=O)NS(C)(=O)=O)ccc23)cc1,30000,4.522878745
CHEMBL4560705,,Cn1cc(-c2ccc(C(F)F)cc2)c2ccc(C(=O)NS(C)(=O)=O)cc21,30000,4.522878745
CHEMBL4570932,,Cn1cc(-c2ccc(C(F)(F)F)cc2)c2ccc(C(=O)NS(C)(=O)=O)cc21,20000,4.698970004
CHEMBL4568451,,CCc1cccc(-c2cn(C)c3cc(C(=O)NS(C)(=O)=O)ccc23)c1,30000,4.522878745
CHEMBL4584289,,Cc1cccc(-c2cn(C)c3cc(C(=O)NS(C)(=O)=O)ccc23)c1,30000,4.522878745
CHEMBL4454371,,Cn1cc(-c2ccccc2)c2ccc(C(=O)NS(C)(=O)=O)cc21,30000,4.522878745
CHEMBL4451746,,Cn1cc(-c2ccc(C(F)(F)F)cc2Cl)c2ccc(C(=O)NS(C)(=O)=O)cc21,8600,5.065501549
CHEMBL4550045,,CC(C)COc1ccc(-c2cn(C)c3cc(C(=O)NS(C)(=O)=O)c(F)cc23)cn1,16000,4.795880017
CHEMBL4581484,,CC(C)COc1ncc(-c2cn(C)c3cc(C(=O)NS(C)(=O)=O)ccc23)cc1C#N,21000,4.677780705
CHEMBL4533111,,COc1cc(-c2cn(C)c3cc(C(=O)NS(C)(=O)=O)ccc23)cnc1OCC(C)C,30000,4.522878745
CHEMBL4449475,,CC(C)COc1ccc(-c2cn(C)c3cc(C(=O)NS(C)(=O)=O)ccc23)cn1,30000,4.522878745
CHEMBL4475017,,CC(C)COc1ncc(-c2cn(C)c3cc(C(=O)NS(C)(=O)=O)c(F)cc23)cc1Cl,7200,5.142667504
CHEMBL4279180,,CC(C)COc1ncc(-c2cn(C)c3cc(C(=O)NS(C)(=O)=O)ccc23)cc1Cl,19000,4.721246399
CHEMBL4294322,,CCS(=O)(=O)NC(=O)c1ccc2c(-c3cnc(OCC(C)C)c(Cl)c3)cn(C)c2c1,5673,5.246187216
CHEMBL4435148,,CC(C)COc1ncc(-c2cn(C(C)C)c3cc(C(=O)NS(C)(=O)=O)ccc23)cc1Cl,1700,5.769551079
CHEMBL4442002,,CC(C)COc1ncc(-c2cn(C)c3cc(C(=O)NS(=O)(=O)N(C)C)ccc23)cc1Cl,6300,5.200659451
CHEMBL4447987,,CC(C)COc1ncc(-c2cn(C)c3cc(C(=O)NS(=O)(=O)C(C)C)ccc23)cc1Cl,14000,4.853871964
CHEMBL4453046,,Cn1cc(-c2cnc(OCC(F)(F)F)c(Cl)c2)c2ccc(C(=O)NS(C)(=O)=O)cc21,12000,4.920818754
CHEMBL4460439,,CC(C)COc1ncc(-c2cn(CC(C)C)c3cc(C(=O)NS(C)(=O)=O)ccc23)cc1Cl,24000,4.619788758
CHEMBL4462639,,Cn1cc(-c2cnc(OCC(F)F)c(Cl)c2)c2ccc(C(=O)NS(C)(=O)=O)cc21,30000,4.522878745
CHEMBL4588325,,Cn1cc(-c2cnc(OCC(C)(C)O)c(Cl)c2)c2ccc(C(=O)NS(C)(=O)=O)cc21,30000,4.522878745
CHEMBL4215835,,CC(CC(=O)O)c1cccc(-n2c(C(N)=O)cc3ccc(OC(F)(F)F)cc32)n1,33000,4.48148606
CHEMBL4287506,,CC(C)COc1ccc(-c2cn(C)c3cc(C(=O)NS(=O)(=O)C4CC4)c(F)cc23)cn1,3700,5.431798276
CHEMBL4456402,,COc1cc(-c2cn(C)c3cc(C(=O)NS(=O)(=O)C4CC4)ccc23)cnc1OCC(C)C,30000,4.522878745
CHEMBL4447807,,CC(C)COc1ncc(-c2cn(C)c3cc(C(=O)NS(=O)(=O)C4CC4)c(F)cc23)cc1Cl,5100,5.292429824
CHEMBL4444425,,CC(C)COc1ncc(-c2cn(CC(C)C)c3cc(C(=O)NS(=O)(=O)C4CC4)ccc23)cc1Cl,11000,4.958607315
CHEMBL4560169,,CC(C)COc1ncc(-c2cn(C)c3cc(C(=O)NS(=O)(=O)C4CC4)ccc23)cc1Cl,12000,4.920818754
CHEMBL4276864,,Cn1cc(-c2ccc(C(F)F)cc2)c2cc(F)c(C(=O)NS(=O)(=O)C3CC3)cc21,9666,5.014753209
CHEMBL4290933,,Cn1cc(-c2ccc(C(F)(F)F)cc2)c2cc(F)c(C(=O)NS(=O)(=O)C3CC3)cc21,3800,5.420216403
CHEMBL4441297,,Cn1cc(-c2ccc(C(F)F)cc2)c2ccc(C(=O)NS(=O)(=O)C3CC3)cc21,30000,4.522878745
CHEMBL4527346,,Cn1cc(-c2ccc(C(F)(F)F)cc2)c2ccc(C(=O)NS(=O)(=O)C3CC3)cc21,8400,5.075720714
CHEMBL4438048,,Cn1cc(C2CCN(C(=O)OC(C)(C)C)CC2)c2ccc(C(=O)NS(=O)(=O)C3CC3)cc21,30000,4.522878745
CHEMBL4571595,,CN1CCC(c2cn(C)c3cc(C(=O)NS(=O)(=O)C4CC4)ccc23)CC1,30000,4.522878745
CHEMBL4468426,,Cn1cc(C2CCNCC2)c2ccc(C(=O)NS(=O)(=O)C3CC3)cc21,30000,4.522878745
CHEMBL4574408,,Cn1cc(C2CCCC(C)(C)C2)c2ccc(C(=O)NS(=O)(=O)C3CC3)cc21,4100,5.387216143
CHEMBL4524830,,Cn1cc(C2CCCCC2)c2cc(F)c(C(=O)NS(=O)(=O)C3CC3)cc21,10000,5
CHEMBL4457708,,Cn1cc(C2CCCCC2)c2ccc(C(=O)NS(=O)(=O)C3CC3)cc21,2400,5.619788758
CHEMBL4576709,,Cn1cc(C2=CCN(C(=O)OC(C)(C)C)CC2)c2ccc(C(=O)NS(=O)(=O)C3CC3)cc21,30000,4.522878745
CHEMBL4476747,,Cn1cc(C2=CCNCC2)c2ccc(C(=O)NS(=O)(=O)C3CC3)cc21,30000,4.522878745
CHEMBL4517683,,Cn1cc(C2CCCN(C(=O)OC(C)(C)C)C2)c2ccc(C(=O)NS(=O)(=O)C3CC3)cc21,30000,4.522878745
CHEMBL4527245,,Cn1cc(C2CCCNC2)c2ccc(C(=O)NS(=O)(=O)C3CC3)cc21,30000,4.522878745
CHEMBL4435025,,Cc1cn(C2CCCCC2)c2ccc(C(=O)NS(=O)(=O)C3CC3)cc12,13000,4.886056648
CHEMBL4464346,,Cc1cn(C2C=CCCC2)c2ccc(C(=O)NS(=O)(=O)C3CC3)cc12,460,6.337242168
CHEMBL4450331,,Cn1cc(C2=CCOCC2)c2ccc(C(=O)NS(=O)(=O)C3CC3)cc21,30000,4.522878745
CHEMBL4464186,,Cn1cc(C2(C)CCCCO2)c2ccc(C(=O)NS(=O)(=O)C3CC3)cc21,30000,4.522878745
CHEMBL4515462,,Cn1cc(C(C)(C)C)c2ccc(C(=O)NS(=O)(=O)C3CC3)cc21,30000,4.522878745
CHEMBL4553845,,Cc1cn(C)c2cc(C(=O)NS(=O)(=O)C3CC3)ccc12,30000,4.522878745
CHEMBL4563193,,CCC(c1cn(C)c2cc(C(=O)NS(=O)(=O)C3CC3)ccc12)C(C)(C)C,30000,4.522878745
CHEMBL4576876,,Cn1ccc2ccc(C(=O)NS(=O)(=O)C3CC3)cc21,30000,4.522878745
CHEMBL4472095,,C[C@@H]1CC[C@@H](c2cn(C)c3cc(C(=O)NS(=O)(=O)C4CC4)ccc23)C1,30000,4.522878745
CHEMBL4513354,,C[C@H]1CC[C@@H](c2cn(C)c3cc(C(=O)NS(=O)(=O)C4CC4)ccc23)C1,5400,5.26760624
CHEMBL421032,,COc1ccc2[nH]cc(CCN=C(N)NC(=O)c3ccc(C)cc3)c2c1,1760,5.754487332
CHEMBL320314,,COc1cccc2[nH]cc(CCN=C(N)NC(=O)c3ccc(C)cc3)c12,3920,5.406713933
CHEMBL4439243,,Cn1cc(C2C3CC4CC2CN(C4)C3)c2ccc(C(=O)NS(=O)(=O)C3CC3)cc21,30000,4.522878745
CHEMBL4447021,,Cn1cc(C2C3CC4CC(C3)CC2C4)c2ccc(C(=O)NS(=O)(=O)C3CC3)cc21,8400,5.075720714
CHEMBL4283748,,Cn1cc(-c2cnc(OCC3CC3)c(Cl)c2)c2ccc(C(=O)NS(=O)(=O)C3CC3)cc21,15105,4.82087927
CHEMBL4435865,,Cn1cc(-c2ccc(C(F)(F)F)cc2)c2ccc(C(=O)NS(=O)(=O)c3ccc(F)c(F)c3)cc21,18000,4.744727495
CHEMBL4555930,,Cn1cc(-c2ccc(C(F)(F)F)cc2)c2ccc(C(=O)NS(=O)(=O)c3cccs3)cc21,3900,5.408935393
CHEMBL4443673,,Cn1cc(C2CCC2)c2ccc(C(=O)NS(=O)(=O)C3CC3)cc21,6700,5.173925197
CHEMBL2147222,,COc1ncc(-c2cccc(F)c2CCNC(=O)c2ccc(OCCC(F)(F)F)nc2)cn1,3162.28,5.499999679
CHEMBL2147223,,COc1ncc(-c2cccc(Cl)c2CCNC(=O)c2ccc(OCCC(F)(F)F)nc2)cn1,5011.87,5.300000202
CHEMBL2147218,,Cc1ncc(-c2ccccc2CCNC(=O)c2cnc(OCCOCC(F)(F)F)c(C)c2)cn1,31622.78,4.499999953
CHEMBL2147221,,COc1ncc(-c2cccc(C)c2CCNC(=O)c2ccc(OCCC(F)(F)F)nc2)cn1,6309.57,5.200000237
CHEMBL2147210,,COc1ncc(-c2ccccc2CCNC(=O)c2ccc(OCCC(F)(F)F)nc2)cn1,12589.25,4.900000142
CHEMBL2147214,,Cc1ncc(-c2ccccc2CCNC(=O)c2ccc(OCCC(F)(F)F)nc2)cn1,5011.87,5.300000202
CHEMBL2147217,,Cc1ncc(-c2ccccc2CCNC(=O)c2ccc(OCCOCC(F)(F)F)nc2)cn1,31622.78,4.499999953
CHEMBL2147303,,COc1ncc(-c2ccccc2C(F)(F)CNC(=O)c2ccc(COCC(F)(F)F)nc2)cn1,19952.62,4.700000069
CHEMBL2147216,,Cc1ncc(-c2ccccc2CCNC(=O)c2ccc(COCC(F)(F)F)nc2)cn1,31622.78,4.499999953
CHEMBL2147219,,Cc1ncc(-c2ccccc2CCNC(=O)c2ccc(C(=O)NCCCC(F)(F)F)nc2)cn1,6309.57,5.200000237
CHEMBL2147220,,Cc1ncc(-c2ccccc2CCNC(=O)c2ccc(CNCCC(F)(F)F)nc2)cn1,31622.78,4.499999953
CHEMBL2147309,,Cc1cnc(-c2c(F)ccc(F)c2CCNC(=O)c2ccc(COCC(F)(F)F)nc2)cn1,1584.89,5.800000875
CHEMBL2147209,,COc1cnc(-c2ccc(Cl)cc2CCNC(=O)c2ccc(COCC(F)(F)F)nc2)cn1,31622.78,4.499999953
CHEMBL2147211,,COc1cnc(-c2ccccc2CCNC(=O)c2ccc(OCCC(F)(F)F)nc2)cn1,6309.57,5.200000237
CHEMBL2147316,,COc1cnc(-c2ccccc2C(F)(F)CNC(=O)c2ccc(COCC(F)(F)F)nc2)cn1,31622.78,4.499999953
CHEMBL2147312,,COc1ncc(-c2ccc(C)nc2CCNC(=O)c2ccc(OCCC(F)(F)F)nc2)cn1,31622.78,4.499999953
CHEMBL2147313,,COc1ncc(-c2cc(C)cnc2CCNC(=O)c2ccc(COCC(F)(F)F)nc2)cn1,31622.78,4.499999953
CHEMBL2147311,,COc1ncc(-c2cccnc2CCNC(=O)c2ccc(OCCC(F)(F)F)nc2)cn1,31622.78,4.499999953
CHEMBL2147314,,COc1ncc(-c2cccnc2C(C)CNC(=O)c2ccc(OCCC(F)(F)F)nc2)cn1,31622.78,4.499999953
CHEMBL2147215,,O=C(NCCc1ccccc1-c1ccc(CO)nc1)c1ccc(OCCC(F)(F)F)nc1,12589.25,4.900000142
CHEMBL2147213,,O=C(NCCc1ccccc1-c1cccnc1)c1ccc(OCCC(F)(F)F)nc1,6309.57,5.200000237
CHEMBL2069415,,Cc1cc(-c2cccc3c2C[C@H](NC(=O)c2ccc(OCCOCC(F)(F)F)nc2)CO3)cnc1CO,5011.87,5.300000202
CHEMBL2069413,,O=C(N[C@@H]1COc2cccc(-c3ccc(CO)nc3)c2C1)c1ccc(OCCOCC(F)(F)F)nc1,7943.28,5.100000128
CHEMBL2069414,,CC(O)c1ccc(-c2cccc3c2C[C@H](NC(=O)c2ccc(OCCOCC(F)(F)F)nc2)CO3)cn1,10000,5
CHEMBL2069420,,O=C(N[C@@H]1COc2cccc(-c3cncnc3)c2C1)c1ccc(OCCC(F)(F)F)nc1,3981.07,5.400000186
CHEMBL2069428,,Cc1cnc(-c2cccc3c2C[C@H](NC(=O)c2ccc(COCC(F)(F)F)nc2)CO3)cn1,19952.62,4.700000069
CHEMBL2069402,,CN1CCN(c2cccc3c2C[C@H](NC(=O)c2ccc(OCCC(F)(F)F)nc2)CO3)CC1,5011.87,5.300000202
CHEMBL1797413,,Cc1cccc(C)c1-c1noc(C)c1CC(=O)NCc1cccc(OCCOCC(F)(F)F)n1,12022.64,4.920000157
CHEMBL1271309,,Cc1cc(C)cc(NC(=O)c2cncc(-c3ccc(C#N)cc3)c2)c1,30000,4.522878745
CHEMBL3589894,,CNC(=O)c1ccc(-c2cc(Cl)cc(Cl)c2Cl)c(N)n1,9000,5.045757491
CHEMBL4437652,,COc1cc(C(=O)NS(C)(=O)=O)ccc1-c1cnc(Oc2cc(Cl)cc(Cl)c2)c(C#N)c1,16100,4.793174124
CHEMBL4532519,,COc1cc(C(=O)NS(C)(=O)=O)ccc1-c1cnc(Oc2cc(Cl)cc(Cl)c2)c(C(F)F)c1,18800,4.725842151
CHEMBL4576210,,COc1cc(C(=O)NS(C)(=O)=O)ccc1-c1cnc(Oc2cc(Cl)cc(Cl)c2)c(C(F)(F)F)c1,2350,5.628932138
CHEMBL4469805,,COc1cc(C(=O)NS(C)(=O)=O)c(F)cc1-c1cnc(Oc2cc(F)ccc2F)c(Cl)c1,11900,4.924453039
CHEMBL4547268,,COc1cc(C(=O)NS(C)(=O)=O)ccc1-c1cnc(Oc2cc(F)ccc2F)c(Cl)c1,23700,4.625251654
CHEMBL4459717,,COc1cc(C(=O)NS(C)(=O)=O)ccc1-c1cnc(Oc2cc(Cl)cc(Cl)c2)c(Cl)c1,6000,5.22184875
CHEMBL3657834,,CS(=O)(=O)NC(=O)c1cnc(OCC23CC4CC(CC(C4)C2)C3)c(C2CC2)c1,2580,5.588380294
CHEMBL3662095,,COCCS(=O)(=O)NC(=O)c1cnc(OCC23CC4CC(CC(C4)C2)C3)c(C2CC2)c1,15300,4.815308569
CHEMBL3662094,,O=C(NS(=O)(=O)N1CCC1)c1cnc(OCC23CC4CC(CC(C4)C2)C3)c(C2CC2)c1,7500,5.124938737
CHEMBL4530399,,COc1cc(C(=O)NS(C)(=O)=O)ccc1-c1cnc(Sc2cccc(C)c2)c(Cl)c1,8900,5.050609993
CHEMBL4571566,,COc1cc(C(=O)NS(C)(=O)=O)ccc1-c1cnc(Oc2cc(Cl)cnc2OC)c(Cl)c1,11600,4.935542011
CHEMBL3924161,,O=S(=O)(Nc1ccc(C(F)(F)F)nc1)c1ccccc1C(F)(F)F,100000,4
CHEMBL3929544,,O=S(=O)(Nc1cncc(C(F)(F)F)c1)c1ccccc1C(F)(F)F,30000,4.522878745
CHEMBL1797403,,Cc1onc(-c2ccccc2Cl)c1N(C)C(=O)NCc1ccc(OC2CCOCC2)nc1,33113.11,4.480000028
CHEMBL5180782,,Cn1cc(-c2cccc(C(=O)Nc3cc(N4CC[C@@H](C(C)(C)O)C4)ncc3C(F)(F)F)n2)cn1,29900,4.524328812
CHEMBL5197547,,CC(C)(O)[C@@H]1CCN(c2cnc(C(F)(F)F)c(NC(=O)c3cccc(-c4cnn(CC(F)(F)F)c4)n3)c2)C1,30000,4.522878745
CHEMBL1270208,,O=C(NCc1cccnc1OCC(F)(F)F)c1cncc(-c2ccc(Cl)cc2)c1,4700,5.327902142
CHEMBL2324355,,Cc1nocc1C(=O)Nc1ccc(-c2ccccc2OC(F)(F)F)c(N)n1,12000,4.920818754
CHEMBL3589904,,COc1ccc(Cl)c(-c2ccc(NC(=O)c3ccnn3C)nc2N)c1,37000,4.431798276
CHEMBL4475999,,CCCN(CCC)[C@H](c1ccccn1)[C@@H](c1ccccn1)N(CCC)C[C@H](O)CO,19000,4.721246399
CHEMBL2386850,,Cc1cc(Oc2cncnc2)cc(C(=O)Nc2ccc(F)cn2)n1,100000,4
CHEMBL4169078,,N#Cc1cnc(Nc2cc(NC[C@H]3CNCCO3)c(C(F)(F)F)cn2)cn1,10000,5
CHEMBL3980898,,CO[C@H]1C[C@H](Oc2cc(F)c(F)c(-c3ccc4c(c3)CC[C@H](CCC(=O)O)O4)n2)C1,27000,4.568636236
CHEMBL4458713,,COc1cc(C(=O)NS(C)(=O)=O)ccc1-c1cnc(OCc2ccc(Cl)cc2)c(Cl)c1,21000,4.677780705
CHEMBL3622446,,Cc1nnc2n1-c1ccc(-c3cncc([C@@](C)(O)C(F)(F)F)c3)cc1CC2,30000,4.522878745
CHEMBL4448552,,COc1cc(C(=O)NS(C)(=O)=O)ccc1-c1cnc(N2CCC[C@H]2C(C)C)c(Cl)c1,2500,5.602059991
CHEMBL2164388,,COc1ccc(CNC(=O)c2c3ccccc3c(O)n2CCc2ccccn2)cc1,23000,4.638272164
CHEMBL2164039,,O=C(NCc1ccc(OC(F)(F)F)cc1)c1c2cccc(F)c2c(O)n1CCc1ccccn1,17000,4.769551079
CHEMBL2164368,,O=C(NCc1ccc(OC(F)(F)F)cc1)c1c2c(F)cccc2c(O)n1CCc1ccccn1,810,6.091514981
CHEMBL2164040,,COc1cccc2c(C(=O)NCc3ccc(OC(F)(F)F)cc3)n(CCc3ccccn3)c(O)c12,8500,5.070581074
CHEMBL2164041,,O=C(NCc1ccc(OC(F)(F)F)cc1)c1c2cccc(O)c2c(O)n1CCc1ccccn1,940,6.026872146
CHEMBL2164369,,Cc1cccc2c(O)n(CCc3ccccn3)c(C(=O)NCc3ccc(OC(F)(F)F)cc3)c12,4700,5.327902142
CHEMBL2164037,,COc1cccc2c(O)n(CCc3ccccn3)c(C(=O)NCc3ccc(OC(F)(F)F)cc3)c12,16000,4.795880017
CHEMBL2164038,,O=C(NCc1ccc(OC(F)(F)F)cc1)c1c2c(O)cccc2c(O)n1CCc1ccccn1,33000,4.48148606
CHEMBL2164356,,Cc1cccc(CCn2c(O)c3ccccc3c2C(=O)NCc2ccc(OC(F)(F)F)cc2)n1,1900,5.721246399
CHEMBL2164386,,O=C(NCc1ccccc1Br)c1c2ccccc2c(O)n1CCc1ccccn1,33000,4.48148606
CHEMBL2164360,,CC(Cc1ccccn1)n1c(O)c2ccccc2c1C(=O)NCc1ccc(OC(F)(F)F)cc1,4000,5.397940009
CHEMBL2164361,,CC(C)(Cc1ccccn1)n1c(O)c2ccccc2c1C(=O)NCc1ccc(OC(F)(F)F)cc1,13000,4.886056648
CHEMBL2164362,,CC(C)(Cn1c(O)c2ccccc2c1C(=O)NCc1ccc(OC(F)(F)F)cc1)c1ccccn1,25000,4.602059991
CHEMBL2164363,,O=C(NCc1ccc(OC(F)(F)F)cc1)c1c2ccccc2c(O)n1CC(F)(F)c1ccccn1,1900,5.721246399
CHEMBL2164384,,O=C(NCc1ccc(Br)cc1)c1c2ccccc2c(O)n1CCc1ccccn1,8700,5.060480747
CHEMBL2164389,,O=C(NCc1ccc(OC(F)(F)F)cc1)c1c2ccccc2c(O)n1CCc1ccccn1,1200,5.920818754
CHEMBL2164392,,O=C(NCc1ccc(OCC(F)(F)F)cc1)c1c2ccccc2c(O)n1CCc1ccccn1,8900,5.050609993
CHEMBL2164393,,CC(NC(=O)c1c2ccccc2c(O)n1CCc1ccccn1)c1ccc(OCC(F)(F)F)cc1,3700,5.431798276
CHEMBL2164387,,O=C(NCc1ccc(C(F)(F)F)cc1)c1c2ccccc2c(O)n1CCc1ccccn1,1600,5.795880017
CHEMBL2164391,,O=C(NCc1ccc(CC(F)(F)F)cc1)c1c2ccccc2c(O)n1CCc1ccccn1,4400,5.356547324
CHEMBL2164385,,O=C(NCc1cccc(Br)c1)c1c2ccccc2c(O)n1CCc1ccccn1,12000,4.920818754
CHEMBL2164390,,O=C(NCc1cccc(OC(F)(F)F)c1)c1c2ccccc2c(O)n1CCc1ccccn1,2800,5.552841969
CHEMBL2164047,,O=C(NCc1ccc(OC(F)(F)F)cc1)c1c2ccccc2c(O)n1CCc1ccc(F)cn1,1200,5.920818754
CHEMBL2164044,,O=C(NCc1ccc(F)c(C(F)(F)F)c1)c1c2ccccc2c(O)n1CCc1ncc(F)cn1,25000,4.602059991
CHEMBL2164043,,O=C(NCc1ccc(F)c(OC(F)(F)F)c1)c1c2ccccc2c(O)n1CCc1ncc(F)cn1,17000,4.769551079
CHEMBL2164364,,O=C(NCc1ccc(OC(F)(F)F)cc1)c1c2ccccc2c(O)n1CCc1ncccn1,8300,5.080921908
CHEMBL2164045,,O=C(NCc1ccc(OC(F)(F)F)cc1)c1c2cccc(O)c2c(O)n1CCc1ncc(F)cn1,10000,5
CHEMBL2164366,,O=C(NCc1ccc(OC(F)(F)F)cc1)c1c2ccccc2c(O)n1CCc1ncc(F)cn1,19000,4.721246399
CHEMBL2164042,,O=C(NCc1cccc(OC(F)(F)F)c1)c1c2ccccc2c(O)n1CCc1ncc(F)cn1,16000,4.795880017
CHEMBL2164394,,O=C(NCc1ccc(OC(F)F)nc1)c1c2ccccc2c(O)n1CCc1ccccn1,33000,4.48148606
CHEMBL2164395,,O=C(NCc1ccc(OCC(F)(F)F)nc1)c1c2ccccc2c(O)n1CCc1ccccn1,33000,4.48148606
CHEMBL2164396,,O=C(NCc1ccc(OCCC(F)(F)F)nc1)c1c2ccccc2c(O)n1CCc1ccccn1,33000,4.48148606
CHEMBL2164046,,O=C(NCc1ccc(OC(F)(F)F)cc1)c1c2ccccc2c(O)n1CCc1ccncc1,6100,5.214670165
CHEMBL2164382,,O=C(NCc1ccc(OC(F)(F)F)cc1)c1c2ccccc2c(O)n1CCc1cccnc1,2600,5.585026652
CHEMBL2164370,,O=C(NCc1ccc(OC(F)(F)F)cc1)c1c2ccccc2c(O)n1CCN1CCOCC1,2900,5.537602002
CHEMBL2164397,,O=C(NCc1ccc(OC(F)(F)F)cc1)c1c2ccccc2c(O)n1CCC1CCOCC1,19000,4.721246399
CHEMBL2164365,,O=C(NCc1ccc(OC(F)(F)F)cc1)c1c2ccccc2c(O)n1CCc1cnccn1,12000,4.920818754
CHEMBL2164378,,O=C(NCc1ccc(OC(F)(F)F)cc1)c1c2ccccc2c(O)n1CCC(F)(F)F,19000,4.721246399
CHEMBL2164379,,O=C(NCc1ccc(OC(F)(F)F)cc1)c1c2ccccc2c(O)n1CCOCC(F)(F)F,33000,4.48148606
CHEMBL2164380,,CC(CC#N)n1c(O)c2ccccc2c1C(=O)NCc1ccc(OC(F)(F)F)cc1,31000,4.508638306
CHEMBL2163357,,N#C[C@H]1CC[C@H](n2c(O)c3ccccc3c2C(=O)NCc2ccc(OC(F)(F)F)cc2)CC1,6100,5.214670165
CHEMBL2164371,,O=C(NCc1ccc(OC(F)(F)F)cc1)c1c2ccccc2c(O)n1C1CCOCC1,33000,4.48148606
CHEMBL2164357,,O=C(NCc1ccc(OC(F)(F)F)cc1)c1c2ccccc2c(O)n1CCCc1ccccn1,7900,5.102372909
CHEMBL2164358,,O=C(NCc1ccc(OC(F)(F)F)cc1)c1c2ccccc2c(O)n1CCOc1ccccn1,9700,5.013228266
CHEMBL2164376,,O=C(NCc1ccc(OC(F)(F)F)cc1)c1c2ccccc2c(O)n1C1CC(F)(F)C1,12000,4.920818754
CHEMBL2164359,,O=C(NCc1ccc(OC(F)(F)F)cc1)c1c2ccccc2c(O)n1Cc1ccc(C(F)(F)F)cn1,4300,5.366531544
CHEMBL2164383,,Cc1ccc(NC(=O)c2c3ccccc3c(O)n2CCc2ccccn2)cc1C,1200,5.920818754
CHEMBL2164372,,O=C(NCc1ccc(OC(F)(F)F)cc1)c1c2ccccc2c(O)n1C[C@@H]1CCCO1,33000,4.48148606
CHEMBL2164377,,O=C(NCc1ccc(OC(F)(F)F)cc1)c1c2ccccc2c(O)n1CC1CC(F)(F)C1,18000,4.744727495
CHEMBL3337587,,COc1cc2c(cc1F)-n1cccc1C1(CCN(C(=O)c3ccc(OC)c(N(C)C)c3)CC1)N2,358,6.446116973
CHEMBL3337588,,COc1ccc2c(c1)N[C@]1(CCN(C(=O)c3ccc(OC)c(N(C)C)c3)[C@H](C)C1)c1cccn1-2,3261,5.486649201
CHEMBL3337589,,COc1ccc2c(c1)N[C@@]1(CCN(C(=O)c3ccc(OC)c(N(C)C)c3)C[C@@H]1C)c1cccn1-2,519,6.284832642
CHEMBL3322774,,COc1ccc2c(c1)NC1(CCN(C(=O)c3ccc(C#N)c(OC)c3)CC1)c1cccn1-2,7240,5.140261434
CHEMBL3322777,,COc1ccc2c(c1)NC1(CCN(C(=O)c3ccc(OC)c(N(C)C)c3)CC1)c1cccn1-2,10485,4.979431565
CHEMBL3322778,,COc1ccc2c(c1)NC1(CCN(C(=O)c3ccc(N(C)C)c(OC)c3)CC1)c1cccn1-2,1329,5.876475019
CHEMBL3337583,,COc1ccc(C(=O)N2CCC3(CC2)Nc2cc(OC(F)(F)F)ccc2-n2cccc23)cc1N(C)C,181,6.742321425
CHEMBL3337584,,COc1ccc(C(=O)N2CCC3(CC2)Nc2cc(OC(F)F)ccc2-n2cccc23)cc1N(C)C,340,6.468521083
CHEMBL3337586,,COCCOc1ccc2c(c1)NC1(CCN(C(=O)c3ccc(OC)c(N(C)C)c3)CC1)c1cccn1-2,2216,5.654430244
CHEMBL3322779,,COc1ccc2c(c1)NC1(CCN(C(=O)c3cc(C)cc(C)c3)CC1)c1cccn1-2,8092,5.091944126
CHEMBL3337585,,COc1ccc(C(=O)N2CCC3(CC2)Nc2cc(C(F)(F)F)ccc2-n2cccc23)cc1N(C)C,217,6.663540266
CHEMBL3322666,,Cc1cc(C)cc(C(=O)N2CCC3(CC2)Nc2ccccc2-n2cccc23)c1,17810,4.749336081
CHEMBL3322671,,N#Cc1ccc(C(=O)N2CCC3(CC2)Nc2ccc(F)cc2-n2cccc23)cc1,9291,5.03193754
CHEMBL3322672,,N#Cc1ccc(C(=O)N2CCC3(CC2)Nc2ccc(Cl)cc2-n2cccc23)cc1,8144,5.089162235
CHEMBL3322673,,N#Cc1ccc(C(=O)N2CCC3(CC2)Nc2ccc(Br)cc2-n2cccc23)cc1,9174,5.037441264
CHEMBL3322767,,COc1ccc2c(c1)NC1(CCN(C(=O)c3ccccc3OC)CC1)c1cccn1-2,4891,5.310602337
CHEMBL3322770,,COc1ccc(C(=O)N2CCC3(CC2)Nc2cc(OC)ccc2-n2cccc23)cc1,8033,5.095122233
CHEMBL3322773,,COc1ccc2c(c1)NC1(CCN(C(=O)c3ccc(N(C)C)cc3)CC1)c1cccn1-2,947,6.023650021
CHEMBL3322667,,COc1ccc2c(c1)NC1(CCN(C(=O)c3ccc(C#N)cc3)CC1)c1cccn1-2,13770,4.86106606
CHEMBL3322668,,N#Cc1ccc(C(=O)N2CCC3(CC2)Nc2cc(OC(F)(F)F)ccc2-n2cccc23)cc1,1452,5.838033384
CHEMBL3322670,,N#Cc1ccc(C(=O)N2CCC3(CC2)Nc2cc(Cl)ccc2-n2cccc23)cc1,8289,5.08149786
CHEMBL3322771,,COc1ccc2c(c1)NC1(CCN(C(=O)c3ccc(C)cc3)CC1)c1cccn1-2,6943,5.158452835
CHEMBL3322769,,COc1cccc(C(=O)N2CCC3(CC2)Nc2cc(OC)ccc2-n2cccc23)c1,4325,5.364013888
CHEMBL3322758,,COc1ccc2c(c1)NC1(CCN(C(=O)c3cccc(C)c3)CC1)c1cccn1-2,7172,5.144359719
CHEMBL3322760,,COc1ccc2c(c1)NC1(CCN(C(=O)c3cccc(C#N)c3)CC1)c1cccn1-2,9716,5.012512494
CHEMBL3322669,,N#Cc1ccc(C(=O)N2CCC3(CC2)Nc2cc(C(F)(F)F)ccc2-n2cccc23)cc1,4871,5.31238187
CHEMBL3322665,,CN(C)c1cccc(C(=O)N2CCC3(CC2)Nc2ccccc2-n2cccc23)c1,4384,5.358129455
CHEMBL3322775,,COc1ccc2c(c1)NC1(CCN(C(=O)c3ccc(N(C)C)c(Cl)c3)CC1)c1cccn1-2,572,6.242603971
CHEMBL3322776,,COc1ccc2c(c1)NC1(CCN(C(=O)c3ccc(OC)c(Cl)c3)CC1)c1cccn1-2,934,6.029653124
CHEMBL3322768,,COc1ccc2c(c1)NC1(CCN(C(=O)c3ccccc3Br)CC1)c1cccn1-2,7601,5.119129267
CHEMBL3322772,,COc1ccc2c(c1)NC1(CCN(C(=O)c3ccc(Cl)cc3)CC1)c1cccn1-2,3949,5.403512866
CHEMBL3322759,,COc1ccc2c(c1)NC1(CCN(C(=O)c3cccc(Cl)c3)CC1)c1cccn1-2,4418,5.354774288
CHEMBL3337597,,COc1ccc2c(c1)NC1(CCN(C(=O)c3ccc4ncccc4c3)CC1)c1cccn1-2,1034,5.985479461
CHEMBL3337600,,COc1ccc2c(c1)NC1(CCN(C(=O)c3ccc4cccnc4c3)CC1)c1cccn1-2,1732,5.761452112
CHEMBL3337599,,COc1ccc2c(c1)NC1(CCN(C(=O)c3ccc4ccccc4n3)CC1)c1cccn1-2,419,6.377785977
CHEMBL3337594,,COc1ccc2c(c1)NC1(CCN(C(=O)c3ccc4c(c3)N(C)CCO4)CC1)c1cccn1-2,1138,5.943857738
CHEMBL3322763,,COc1ccc2c(c1)NC1(CCN(Cc3ccc(C#N)cc3)CC1)c1cccn1-2,4577,5.339419088
CHEMBL3322764,,COc1ccc2c(c1)NC1(CCN(Cc3cccc(C#N)c3)CC1)c1cccn1-2,12875,4.890252762
CHEMBL3322762,,COc1ccc2c(c1)NC1(CCN(Cc3ccccc3)CC1)c1cccn1-2,455,6.341988603
CHEMBL3337602,,COc1ccc2c(c1)NC1(CCN(C(=O)c3ccc4c(cnn4C)c3)CC1)c1cccn1-2,2811,5.551139154
CHEMBL3337601,,COc1ccc2c(c1)NC1(CCN(C(=O)c3ccc4c(ccn4C)c3)CC1)c1cccn1-2,1653,5.781727146
CHEMBL3337596,,CCCCc1nc2cc(C(=O)N3CCC4(CC3)Nc3cc(OC)ccc3-n3cccc34)ccc2o1,1186,5.925915311
CHEMBL3337595,,COc1ccc2c(c1)NC1(CCN(C(=O)c3ccc(OC)c(N4CCCC4)c3)CC1)c1cccn1-2,118,6.928117993
CHEMBL3337598,,COc1ccc2c(c1)NC1(CCN(C(=O)c3cccc4ncccc34)CC1)c1cccn1-2,2938,5.531948209
CHEMBL3322761,,COc1ccc2c(c1)NC1(CCN(C(=O)OCc3ccccc3)CC1)c1cccn1-2,6882,5.162285332
CHEMBL3322765,,COc1ccc2c(c1)NC1(CCN(C(=O)Nc3ccc(C#N)cc3)CC1)c1cccn1-2,30000,4.522878745
CHEMBL479441,,COCCOc1cc2ncc(C(N)=O)c(Nc3ccc(F)cc3F)c2cc1N1CCN(C)CC1,30000,4.522878745
CHEMBL481806,,CCOc1cc2ncc(C(N)=O)c(Nc3ccc(F)cc3F)c2cc1N1CCN(C)CC1,14000,4.853871964
CHEMBL481205,,COCCOc1cc2ncc(C(N)=O)c(Nc3ccc(C)cc3F)c2cc1N1CCN(C)CC1,30000,4.522878745
CHEMBL521096,,CCOc1cc2ncc(C(N)=O)c(Nc3ccc(C)cc3F)c2cc1N1CCN(C)CC1,12000,4.920818754
CHEMBL481008,,CCOc1cc2ncc(C(N)=O)c(Nc3cccc(Cl)c3Cl)c2cc1N1CCN(C)CC1,9000,5.045757491
CHEMBL2409309,,CCOc1cc2ncc(C(N)=O)c(Nc3ccc(F)cc3F)c2cc1C1CCN(C)CC1,30000,4.522878745
CHEMBL2409310,,CCOc1cc2ncc(C(N)=O)c(Nc3cccc(Cl)c3Cl)c2cc1C1CCN(C)CC1,30000,4.522878745
CHEMBL2409311,,COCCOc1cc2ncc(C(N)=O)c(Nc3ccc(C)cc3F)c2cc1N1CCOCC1,30000,4.522878745
CHEMBL481717,,CCOc1cc2ncc(C(N)=O)c(Nc3ccc(F)cc3F)c2cc1N1CCC(O)CC1,30000,4.522878745
CHEMBL3971533,,O=C(c1ccc2cc(Oc3ccc(C(F)(F)F)cn3)ccc2n1)N1CCN(CC(F)(F)F)CC1,33000,4.48148606
CHEMBL3946117,,O=C(c1ccc2cc(Oc3ccc(C(F)(F)F)cn3)ccc2n1)N1CCNC(C(F)(F)F)C1,33000,4.48148606
CHEMBL3893530,,O=C(c1ccc2cc(Oc3ccc(C(F)F)cn3)ccc2n1)N1CCNCC1,33000,4.48148606
CHEMBL3957193,,O=C(c1ccc2cc(Oc3ccc(C(F)(F)F)cn3)ccc2n1)N1CCNCC1,33000,4.48148606
CHEMBL3969113,,O=C(NC1CC(F)(F)C1)c1ccc2cc(Oc3ccc(C(F)(F)F)cn3)ccc2n1,33000,4.48148606
CHEMBL3929432,,O=C(N[C@H]1C[C@@H](O)C1)c1ccc2cc(Oc3ccc(C(F)(F)F)cn3)ccc2n1,33000,4.48148606
CHEMBL3942849,,O=C(NC1CC(F)C1)c1ccc2cc(Oc3ccc(C(F)(F)F)cn3)ccc2n1,33000,4.48148606
CHEMBL3950180,,O=C(NC1CCC1)c1ccc2cc(Oc3ccc(C(F)(F)F)cn3)ccc2n1,31300,4.504455662
CHEMBL3970885,,O=C(c1ccc2cc(Oc3ccc(C(F)(F)F)cn3)ccc2n1)N1CC[C@@H](F)C1,33000,4.48148606
CHEMBL3910270,,O=C(c1ccc2cc(Oc3ccc(C(F)(F)F)cn3)ccc2n1)N1CC[C@H](F)C1,33000,4.48148606
CHEMBL3896584,,O=C(c1ccc2cc(Oc3ccc(C(F)(F)F)cn3)ccc2n1)N1CCCC1,33000,4.48148606
CHEMBL3934019,,O=C(c1ccc2cc(Oc3ccc(C(F)(F)F)cn3)ccc2n1)N1CC(F)(F)C1,10200,4.991399828
CHEMBL3947741,,CS(=O)(=O)C1CN(C(=O)c2ccc3cc(Oc4ccc(C(F)(F)F)cn4)ccc3n2)C1,8080,5.092588639
CHEMBL3935365,,O=C(c1ccc2cc(Oc3ccc(C(F)(F)F)cn3)ccc2n1)N1CCC1,33000,4.48148606
CHEMBL520431,,CCOc1cc2ncc(C(N)=O)c(Nc3ccc(F)cc3F)c2cc1N1CCCN(C)CC1,30000,4.522878745
CHEMBL5186480,,CN1CCN(C(=O)COc2ccc3cc(Oc4ccccn4)ccc3n2)CC1,33000,4.48148606
CHEMBL3896057,,O=C(NC1CCOC1=O)c1ccc2cc(Oc3ccc(C(F)(F)F)cn3)ccc2n1,33000,4.48148606
CHEMBL3965189,,O=C(NC1CCOC1)c1ccc2cc(Oc3ccc(C(F)(F)F)cn3)ccc2n1,33000,4.48148606
CHEMBL2409313,,CCOc1cc2ncc(C(N)=O)c(Nc3ccc(F)cc3F)c2cc1N1CCN(C)C(=O)C1,30000,4.522878745
CHEMBL1294,,C=C[C@H]1CN2CC[C@H]1C[C@@H]2[C@@H](O)c1ccnc2ccc(OC)cc12,6900,5.161150909
CHEMBL3939162,,CS(=O)(=O)CCNC(=O)c1ccc2cc(Oc3ccc(C(F)(F)F)cn3)ccc2n1,33000,4.48148606
CHEMBL4287784,,COc1cc(C(C(=O)NCc2ccccc2)N2CCN(C(=O)c3cc(F)cc(F)c3)CC2)ccc1C#N,500,6.301029996
CHEMBL4279870,,N#Cc1ccc(C(C(=O)NCc2ccccc2)N2CCN(C(=O)c3cc(F)cc(F)c3)CC2)cc1,6500,5.187086643
CHEMBL4277551,,O=C(NCc1ccccc1)C(c1ccccc1)N1CCN(C(=O)c2cc(F)ccc2Cl)CC1,950,6.022276395
CHEMBL4284381,,N#Cc1cc(OC(F)(F)F)cc(C(=O)N2CCN(C(C(=O)NCc3ccccc3)c3ccccc3)CC2)c1,400,6.397940009
CHEMBL4295027,,N#Cc1cc(F)cc(C(=O)N2CCN(C(C(=O)NCc3ccccc3)c3ccccc3)CC2)c1,3100,5.508638306
CHEMBL4280970,,O=C(NCc1ccccc1)C(c1ccccc1)N1CCN(C(=O)c2cc(F)cc(F)c2)CC1,1300,5.886056648
CHEMBL4283333,,CN(Cc1ccccc1)C(=O)C(c1ccccc1)N1CCN(C(=O)c2cc(F)cc(F)c2)CC1,10000,5
CHEMBL4291605,,O=C(NCc1ccccc1)C(c1ccccc1)N1CCN(C(=O)c2cc(F)cnc2Cl)CC1,9100,5.040958608
CHEMBL4291187,,O=C(NCc1ccc(C(F)(F)F)nc1)C(c1ccccc1)N1CCN(C(=O)c2cc(F)cc(F)c2)CC1,7900,5.102372909
CHEMBL4278898,,O=C(Nc1ccc(OCC(F)(F)F)nc1)C(c1ccccc1)N1CCN(C(=O)c2cc(F)cc(F)c2)CC1,3000,5.522878745
CHEMBL3634323,,O=C1CCc2c(cccc2N2CCN(CC(O)COc3ccccc3C(=O)c3ccccc3)CC2)N1,17000,4.769551079
CHEMBL3634321,,O=C1COc2c(cccc2N2CCN(CC(O)COc3ccccc3C(=O)c3ccccc3)CC2)N1,20000,4.698970004
CHEMBL4286818,,O=C(Nc1ccc(C(F)(F)F)cc1)C(c1ccccc1)N1CCN(C(=O)c2cc(F)cc(F)c2)CC1,9500,5.022276395
CHEMBL4278502,,N#Cc1ccc(C(C(=O)NCC(F)(F)C2CC2)N2CCN(C(=O)c3cc(F)ccc3Cl)CC2)cc1,27000,4.568636236
CHEMBL4289161,,N#Cc1cc(F)cc(C(=O)N2CCN(C(C(=O)NCC(F)(F)C3CC3)c3ccccc3)CC2)c1,14000,4.853871964
CHEMBL4294045,,O=C(NCC(F)(F)C1CC1)C(c1ccccc1)N1CCN(C(=O)c2cc(F)cc(F)c2)CC1,6700,5.173925197
CHEMBL3634325,,O=C(c1ccccc1)c1ccccc1OCC(O)CN1CCN(c2cccc3[nH]c(=O)oc23)CC1,33000,4.48148606
CHEMBL2441437,,O=C1OCc2cc(CCN3CCN(C(=O)Cc4ccc(-n5cnnn5)cc4)CC3)ccc21,30000,4.522878745
CHEMBL4288200,,O=C(NCc1ccccc1)C(c1ccccc1)N1CCN(Cc2ccccc2)CC1,140,6.853871964
CHEMBL3798039,,O=C1CN(c2cccc3c2cnn3-c2ccccc2F)CCN1CC(=O)N1CC[C@H](F)C1,4400,5.356547324
CHEMBL4283471,,O=C(NCC1CC1)C(c1ccccc1)N1CCN(C(=O)c2cc(F)cc(F)c2)CC1,7700,5.113509275
CHEMBL1404,,COc1ccccc1OCC(O)CN1CCN(CC(=O)Nc2c(C)cccc2C)CC1,428000,3.368556231
CHEMBL4634634,,C[C@@H]1CC1C(=O)N1CCN(c2cnc(C#N)c(-c3cnn(C)c3)n2)C[C@H]1C,30000,4.522878745
CHEMBL4530872,,O=C1CN(c2cn[nH]c(=O)c2Cl)CCN1Cc1ccccc1C(F)(F)F,30000,4.522878745
CHEMBL716,,OCCOCCN1CCN(C2=Nc3ccccc3Sc3ccccc32)CC1,16900,4.772113295
CHEMBL1797387,,Cc1onc(-c2c(Cl)cccc2Cl)c1NC(=O)OCc1c(F)cccc1Cl,5495.41,5.2599999
CHEMBL1797398,,Cc1onc(-c2c(F)cccc2Cl)c1NC(=O)OCc1c(F)cccc1Cl,15848.93,4.800000053
CHEMBL1797399,,Cc1cccc(C)c1-c1noc(C)c1NC(=O)OCc1c(F)cccc1Cl,7762.47,5.110000065
CHEMBL1797388,,Cc1onc(-c2c(Cl)cccc2Cl)c1NC(=O)OCc1ccccc1Cl,8709.64,5.059999796
CHEMBL1797396,,COCc1onc(-c2c(Cl)cccc2Cl)c1NC(=O)OCc1ccccc1Cl,28183.83,4.549999989
CHEMBL1797390,,Cc1onc(-c2c(Cl)cccc2Cl)c1NC(=O)OCc1cccc(N(C)C)c1,25703.96,4.589999963
CHEMBL1797409,,Cc1onc(-c2c(Cl)cccc2Cl)c1CC(=O)NCc1ccc(OC(C)C)nc1,4677.35,5.330000131
CHEMBL1797410,,Cc1onc(-c2c(Cl)cccc2Cl)c1CC(=O)NCc1ccc(OCC(F)(F)F)nc1,33113.11,4.480000028
CHEMBL1797411,,Cc1cccc(C)c1-c1noc(C)c1CC(=O)NCc1ccc(OCC(F)(F)F)nc1,33113.11,4.480000028
CHEMBL1797391,,Cc1onc(-c2c(Cl)cccc2Cl)c1NC(=O)OCc1ccc(OC(C)C)nc1,8709.64,5.059999796
CHEMBL1797393,,Cc1onc(-c2c(Cl)cccc2Cl)c1N(C)C(=O)OCc1ccc(OC(C)C)nc1,28840.32,4.539999925
CHEMBL1797400,,Cc1onc(-c2c(Cl)cccc2Cl)c1NC(=O)NCc1c(F)cccc1Cl,8511.38,5.070000019
CHEMBL1797401,,Cc1cccc(C)c1-c1noc(C)c1NC(=O)NCc1c(F)cccc1Cl,10471.29,4.979999813
CHEMBL1797408,,Cc1onc(-c2c(Cl)cncc2Cl)c1NC(=O)NCc1ccc(OC(C)C)nc1,33113.11,4.480000028
CHEMBL1797405,,Cc1cccc(C)c1-c1noc(C)c1NC(=O)NCc1ccc(OC(C)C)nc1,19952.62,4.700000069
CHEMBL1797402,,Cc1onc(-c2c(Cl)cccc2Cl)c1N(C)C(=O)NCc1ccc(OC2CCOCC2)nc1,5888.44,5.229999746
CHEMBL1797404,,Cc1cccc(C)c1-c1noc(C)c1N(C)C(=O)NCc1ccc(OC2CCOCC2)nc1,33113.11,4.480000028
CHEMBL1797406,,Cc1onc(-c2c(Cl)cccc2Cl)c1NC(=O)NCc1ccc(-n2cccn2)cc1,33113.11,4.480000028
CHEMBL1797407,,Cc1cccc(C)c1-c1noc(C)c1NC(=O)NCc1ccc(-n2cccn2)cc1,33113.11,4.480000028
CHEMBL1797412,,Cc1onc(-c2c(Cl)cccc2Cl)c1CC(=O)NCc1ccc(-n2cccn2)cc1,33113.11,4.480000028
CHEMBL1797392,,Cc1onc(-c2c(Cl)cccc2Cl)c1NC(=O)OCc1ccc(OC2CCCC2)nc1,1348.96,5.870000928
CHEMBL2069410,,COc1ncc(-c2cccc3c2C[C@H](NC(=O)c2ccc(OCC(F)(F)F)nc2)CO3)cc1F,3981.07,5.400000186
CHEMBL2069411,,O=C(N[C@@H]1COc2cccc(-c3ccc(CO)nc3)c2C1)c1ccc(OCC(F)(F)F)nc1,6309.57,5.200000237
CHEMBL2069408,,O=C(N[C@@H]1COc2cccc(-c3cccnc3)c2C1)c1ccc(OCC(F)(F)F)nc1,3162.28,5.499999679
CHEMBL2069421,,COc1ncc(-c2cccc3c2C[C@H](NC(=O)c2ccc(OCC(F)(F)F)nc2)CO3)cn1,6309.57,5.200000237
CHEMBL2069422,,COc1ncc(-c2cccc3c2C[C@H](NC(=O)c2ccc(OCCC(F)(F)F)nc2)CO3)cn1,3981.07,5.400000186
CHEMBL2069424,,Cc1ncc(-c2cccc3c2C[C@H](NC(=O)c2ccc(OCC(F)(F)F)nc2)CO3)cn1,5011.87,5.300000202
CHEMBL2069423,,COc1ncc(-c2cccc3c2C[C@H](NC(=O)c2ccc(COCC(F)(F)F)nc2)CO3)cn1,10000,5
CHEMBL2069425,,COc1cnc(-c2cccc3c2C[C@H](NC(=O)c2ccc(OCC(F)(F)F)nc2)CO3)cn1,25118.86,4.600000075
CHEMBL2069426,,Cc1cnc(-c2cccc3c2C[C@H](NC(=O)c2ccc(OCC(F)(F)F)nc2)CO3)cn1,3162.28,5.499999679
CHEMBL2069427,,COc1cnc(-c2cccc3c2C[C@H](NC(=O)c2ccc(COCC(F)(F)F)nc2)CO3)cn1,12589.25,4.900000142
CHEMBL2069412,,O=C(N[C@@H]1COc2cccc(-c3ccnc(CO)c3)c2C1)c1ccc(OCC(F)(F)F)nc1,6309.57,5.200000237
CHEMBL2069409,,O=C(N[C@@H]1COc2cccc(-c3ccncc3)c2C1)c1ccc(OCC(F)(F)F)nc1,3162.28,5.499999679
CHEMBL2069399,,CCCCOc1ccc(C(=O)N[C@@H]2COc3cccc(N4CCN(C)CC4)c3C2)cc1,6309.57,5.200000237
CHEMBL2069400,,CN1CCN(c2cccc3c2C[C@H](NC(=O)c2ccc(OC(F)(F)F)cc2)CO3)CC1,1995.26,5.700000504
CHEMBL2069401,,CN1CCN(c2cccc3c2C[C@H](NC(=O)c2ccc(OCC(F)(F)F)nc2)CO3)CC1,5011.87,5.300000202
CHEMBL2069406,,O=C(N[C@@H]1COc2cccc(-c3cccnc3)c2C1)c1ccc(OC(F)(F)F)cc1,3162.28,5.499999679
CHEMBL2069407,,O=C(N[C@@H]1COc2cccc(-c3ccncc3)c2C1)c1ccc(OC(F)(F)F)cc1,3981.07,5.400000186
CHEMBL3683197,,O=S(=O)(Nc1ncns1)N1CCc2c(cccc2-c2ccc(C(F)(F)F)cc2F)C1,10000,5
CHEMBL3683215,,COc1ccc(-c2cccc3c2CCN(S(=O)(=O)Nc2ncns2)C3)c(OC)c1,10000,5
CHEMBL3683196,,O=S(=O)(Nc1ncns1)N1CCc2c(cccc2-c2ccc(C(F)(F)F)cc2Br)C1,10000,5
CHEMBL3683198,,O=S(=O)(Nc1ncns1)N1CCc2c(cccc2-c2ccc(C(F)(F)F)cc2Cl)C1,10000,5
CHEMBL3683200,,O=S(=O)(Nc1ncns1)N1CCc2c(cccc2-c2ccc(Cl)cc2F)C1,10000,5
CHEMBL3683201,,O=S(=O)(Nc1ncns1)N1CCc2c(cccc2-c2ccc(Cl)cc2Cl)C1,10000,5
CHEMBL3683199,,O=S(=O)(Nc1ncns1)N1CCc2c(cccc2-c2ccc(Cl)cc2)C1,10000,5
CHEMBL3683240,,CC(C)(C)OC(=O)N1CC=C(c2cccc3c2CCN(S(=O)(=O)Nc2ncns2)C3)CC1,10000,5
CHEMBL3683204,,CN1CC=C(c2cc(C(F)(F)F)ccc2-c2cccc3c2CCN(S(=O)(=O)Nc2ncns2)C3)CC1,10000,5
CHEMBL3341982,,O=S(=O)(Nc1ncns1)N1CCc2c(cccc2-c2ccc(C(F)(F)F)cc2C2=CCNCC2)C1,10000,5
CHEMBL3683208,,O=S(=O)(Nc1ncns1)N1CCc2c(cccc2-c2ccc(C(F)(F)F)cc2C2=CCOCC2)C1,10000,5
CHEMBL3683241,,CC(C)(C)OC(=O)N1CCc2c(cccc2-c2cccc3c2CCN(S(=O)(=O)Nc2ncns2)C3)C1,10000,5
CHEMBL3683202,,O=S(=O)(Nc1ncns1)N1CCc2c(cccc2-c2cccc3c2CCNC3)C1,10000,5
CHEMBL3314362,,Cc1cc2c(cc1CN(C)C)CCN(C(=O)c1cc3cc(Cl)ccc3n1C)C2,33000,4.48148606
CHEMBL3314349,,CN(C)Cc1ccc2c(c1)CCN(C(=O)c1cc3cc(Cl)ccc3n1C)C2,10300,4.987162775
CHEMBL2069403,,Cc1nn(-c2ccccc2)nc1C(=O)N[C@@H]1COc2cccc(N3CCN(C)CC3)c2C1,5011.87,5.300000202
CHEMBL2069418,,COCCn1nc(C)c(C(=O)N[C@@H]2COc3cccc(-c4cccnc4)c3C2)n1,31622.78,4.499999953
CHEMBL2069419,,Cc1nn(CC(C)C)nc1C(=O)N[C@@H]1COc2cccc(-c3cccnc3)c2C1,31622.78,4.499999953
CHEMBL3683213,,O=S(=O)(Nc1ncns1)N1CCc2c(cccc2-c2cccc3ccccc23)C1,10000,5
CHEMBL3314352,,CN(C)Cc1ccc2c(c1)CCN(C(=O)c1cc3cc(Br)ncc3n1C)C2,33000,4.48148606
CHEMBL2069416,,Cc1nn(-c2ccccc2)nc1C(=O)N[C@@H]1COc2cccc(-c3ccncc3)c2C1,31622.78,4.499999953
CHEMBL2069417,,COCCn1nc(C)c(C(=O)N[C@@H]2COc3cccc(-c4ccncc4)c3C2)n1,31622.78,4.499999953
CHEMBL3683236,,O=S(=O)(Nc1cnccn1)N1CCc2c(cccc2-c2ccc(C(F)(F)F)cc2C2=CCNCC2)C1,10000,5
CHEMBL3683222,,O=S(=O)(Nc1ncns1)N1CCc2c(cccc2-c2ccc(C(F)(F)F)cc2C2=CCNC2)C1,10000,5
CHEMBL1734,,O=C(O[C@H]1CN2CCC1CC2)N1CCc2ccccc2[C@@H]1c1ccccc1,6309.57,5.200000237
CHEMBL3683239,,O=S(=O)(Nc1ccncn1)N1CCc2c(cccc2-c2ccc(C(F)(F)F)cc2Br)C1,10000,5
CHEMBL434394,,OC(CNCC(O)C1CCc2cc(F)ccc2O1)C1CCc2cc(F)ccc2O1,7943.28,5.100000128
CHEMBL2409399,,COc1cc2nnc(C(N)=O)c(Nc3ccc(C)cc3F)c2cc1N1C[C@@H](C)N[C@@H](C)C1,14000,4.853871964
CHEMBL1683036,,COc1cc2nnc(C(N)=O)c(Nc3ccc(C)cc3F)c2cc1N1CCN(C)CC1,6000,5.22184875
CHEMBL2409397,,COc1cc2nnc(C(N)=O)c(Nc3ccc(C)cc3F)c2cc1N1CCN(C(C)C)CC1,4000,5.397940009
CHEMBL2409401,,COCCN1CCN(c2cc3c(Nc4ccc(C)cc4F)c(C(N)=O)nnc3cc2OC)CC1,28000,4.552841969
CHEMBL2409407,,COc1cc2nnc(C(N)=O)c(Nc3ccc(C)cc3F)c2cc1N1CCN(CCO)CC1,26000,4.585026652
CHEMBL2409408,,COc1cc2nnc(C(N)=O)c(Nc3ccc(C)cc3F)c2cc1N1CCN(C(=O)C(C)O)CC1,30000,4.522878745
CHEMBL2409406,,COc1cc2nnc(C(N)=O)c(Nc3ccc(C)cc3F)c2cc1N1CCN(S(C)(=O)=O)CC1,30000,4.522878745
CHEMBL2409409,,COc1cc2nnc(C(N)=O)c(Nc3ccc(C)cc3F)c2cc1C1CCN(C(C)C)CC1,7000,5.15490196
CHEMBL2409410,,COc1cc2nnc(C(N)=O)c(Nc3ccc(C)cc3F)c2cc1C1CCN(CCO)CC1,25000,4.602059991
CHEMBL2409400,,COc1cc2nnc(C(N)=O)c(Nc3ccc(C)cc3F)c2cc1N1CCC(N(C)C)CC1,24000,4.619788758
CHEMBL2409404,,COc1cc2nnc(C(N)=O)c(Nc3ccc(C)cc3F)c2cc1N1CCC(OC)CC1,30000,4.522878745
CHEMBL2409403,,COc1cc2nnc(C(N)=O)c(Nc3ccc(C)cc3F)c2cc1N1CCOCC1,30000,4.522878745
CHEMBL2409398,,COc1cc2nnc(C(N)=O)c(Nc3ccc(C)cc3F)c2cc1N1CCCN(C)CC1,11000,4.958607315
CHEMBL2409402,,COc1cc2nnc(C(N)=O)c(Nc3ccc(C)cc3F)c2cc1N1CCCN(CCO)CC1,27000,4.568636236
CHEMBL4090259,,COc1cc(-c2cccc(F)c2)c(Cl)cc1-c1c(N)nnc2cc(S(=O)(=O)Nc3ccon3)ccc12,140,6.853871964
CHEMBL2409405,,COc1cc2nnc(C(N)=O)c(Nc3ccc(C)cc3F)c2cc1N1CCS(=O)(=O)CC1,30000,4.522878745
CHEMBL4454918,,CC(C)COc1ccc(-c2nn(C)c3cc(C(=O)NS(C)(=O)=O)c(F)cc23)cn1,30000,4.522878745
CHEMBL4436285,,CC(C)COc1ccc(-c2nn(C)c3cc(C(=O)NS(C)(=O)=O)ccc23)cn1,30000,4.522878745
CHEMBL4280298,,CC(C)COc1ncc(-c2nn(C)c3cc(C(=O)NS(C)(=O)=O)ccc23)cc1Cl,6508,5.186552456
CHEMBL4451584,,Cn1nc(-c2ccc(C(F)(F)F)cc2)c2cc(F)c(C(=O)NS(C)(=O)=O)cc21,30000,4.522878745
CHEMBL4473108,,Cn1nc(-c2ccc(C(F)(F)F)cc2)c2ccc(C(=O)NS(C)(=O)=O)cc21,30000,4.522878745
CHEMBL4460464,,CC(C)COc1ccc(-c2nn(C)c3cc(C(=O)NS(=O)(=O)C4CC4)c(F)cc23)cn1,11000,4.958607315
CHEMBL4587465,,CC(C)COc1ncc(-c2nn(C)c3cc(C(=O)NS(=O)(=O)C4CC4)ccc23)cc1Cl,5900,5.229147988
CHEMBL4524193,,Cn1nc(-c2ccc(C(F)(F)F)cc2)c2cc(F)c(C(=O)NS(=O)(=O)C3CC3)cc21,6400,5.193820026
CHEMBL2107383,,COc1ccc(CCO[C@@H]2CCCC[C@H]2N2CC[C@@H](O)C2)cc1OC,18600,4.730487056
CHEMBL3931230,,COc1ccc(CCO[C@@H]2CCCC[C@H]2N2CC[C@H](O)C2)cc1OC,25400,4.595166283
CHEMBL3916855,,COc1ccc(CCO[C@H]2CCCC[C@@H]2N2CC[C@@H](O)C2)cc1OC,36400,4.438898616
CHEMBL3928500,,COc1ccc(CCO[C@H]2CCCC[C@@H]2N2CC[C@H](O)C2)cc1OC,37200,4.42945706
CHEMBL3914098,,COc1ccc(CCOC2CCCCC2N2CCC(O)C2)cc1OC,30300,4.518557371
CHEMBL3798393,,NC(=O)CN1CCN(c2cccc3c2cnn3-c2ccccc2F)C1=O,19000,4.721246399
CHEMBL3800304,,O=C1NCCN1CCOc1nn(-c2ccc(F)cc2F)c2ccc(F)cc12,3400,5.468521083
CHEMBL3798363,,O=C1NCCN1CCOc1nn(-c2ccccc2F)c2ccc(F)cc12,2800,5.552841969
CHEMBL3799617,,O=c1[nH]ccn1CCOc1nn(-c2ccccc2F)c2ccc(F)cc12,5100,5.292429824
CHEMBL4563459,,Cc1cc(-c2ccc(C(=O)C3CCCCC3C(=O)Nc3cnn(C)c3C(=O)NOC(C)(C)C)cc2)[nH]n1,33000,4.48148606
CHEMBL4474619,,Cc1cc(-c2ccc(C(=O)C3CCCCC3C(=O)Nc3cnn(C)c3S(N)(=O)=O)cc2)[nH]n1,33000,4.48148606
CHEMBL229125,,O=C1CCN([C@@H]2CCCC[C@H]2OCCc2cccc3ccccc23)C1,18000,4.744727495
CHEMBL375475,,O=C1CCN([C@H]2CCCC[C@@H]2OCCc2cccc3ccccc23)C1,13000,4.886056648
CHEMBL3797498,,O=C1N(c2ccncc2)CCN1c1cccc2c1cnn2-c1ccccc1F,3100,5.508638306
CHEMBL3799838,,O=C1N(Cc2ncco2)CCN1c1cccc2c1cnn2-c1ccccc1F,14200,4.847711656
CHEMBL3798493,,O=C(COc1nn(-c2ccccc2F)c2ccc(F)cc12)N1CCOCC1,1000,6
CHEMBL4542281,,Cc1cc(-c2ccc(C(=O)C3CCCCC3C(=O)Nc3cnn4c3C(=O)NCC4)cc2)[nH]n1,33000,4.48148606
CHEMBL4064608,,c1nc(N[C@H]2CC[C@H](N3CCOCC3)CC2)c2c(C3CCOCC3)c[nH]c2n1,30000,4.522878745
CHEMBL387671,,c1ccc2c(CCO[C@@H]3CCCC[C@H]3N3CCOCC3)cccc2c1,4000,5.397940009
CHEMBL387935,,Clc1ccc(CCO[C@@H]2CCCC[C@H]2N2CCOCC2)cc1Cl,15000,4.823908741
CHEMBL483876,,O=C(N[C@H]1C[C@@H]1c1ccccc1)N1CCC2(CCc3cc(F)ccc3O2)CC1,10000,5
CHEMBL519336,,CS(=O)(=O)c1ccc2c(c1)CCC1(CCN(C(=O)N[C@H]3C[C@@H]3c3ccccc3)CC1)O2,10000,5
CHEMBL495794,,CS(=O)(=O)c1ccc2c(c1)C(=O)CC1(CCN(C(=O)N[C@H]3C[C@@H]3c3ccccc3)CC1)O2,10000,5
CHEMBL496189,,O=C1CC2(CCN(C(=O)N[C@H]3C[C@@H]3c3ccccc3)CC2)Oc2ccccc21,10000,5
CHEMBL497828,,CS(=O)(=O)c1ccc2c(c1)CCC1(CCN(C(=O)c3ccc(C(F)(F)F)cc3)CC1)O2,10000,5
CHEMBL495992,,O=C1CC2(CCN(C(=O)N[C@H]3C[C@@H]3c3ccccc3)CC2)Oc2ccc(-c3ccncc3)cc21,10000,5
CHEMBL495793,,Cn1nccc1Nc1ccc2c(c1)C(=O)CC1(CCN(C(=O)N[C@H]3C[C@@H]3c3ccccc3)CC1)O2,10000,5
CHEMBL495792,,Cn1nccc1-c1ccc2c(c1)C(=O)CC1(CCN(C(=O)N[C@H]3C[C@@H]3c3ccccc3)CC1)O2,10000,5
CHEMBL495586,,CS(=O)(=O)c1ccc2c(c1)C(=O)CC1(CCN(C(=O)N[C@@H]3CC[C@@H](c4ccccc4)C3)CC1)O2,10000,5
CHEMBL519149,,O=C1CC2(CCN(C(=O)NC3CCc4ccccc4CC3)CC2)Oc2ccccc21,10000,5
CHEMBL495601,,O=C1CC2(CCN(C(=O)NC3CCc4ccccc4C3)CC2)Oc2ccccc21,1000,6
CHEMBL482845,,O=C1CC2(CCN(C(=O)NC3CCc4ccccc43)CC2)Oc2ccccc21,10000,5
CHEMBL447085,,O=C(CCc1ccccc1)N1CCC2(CCc3cc(F)ccc3O2)CC1,10000,5
CHEMBL497829,,CS(=O)(=O)c1ccc2c(c1)CCC1(CCN(C(=O)Cc3ccc(Cl)cc3Cl)CC1)O2,10000,5
CHEMBL3085869,,Cn1cccc1C(=O)N[C@H]1CCc2nc(N)sc2C1,30000,4.522878745
CHEMBL3085878,,Nc1nc2c(s1)C[C@@H](NC(=O)c1ccc[nH]1)CC2,30000,4.522878745
CHEMBL3085880,,Nc1nc2c(s1)C[C@@H](NC(=O)c1cc(Br)c(Br)[nH]1)CC2,30000,4.522878745
CHEMBL3085879,,Nc1nc2c(s1)C[C@@H](NC(=O)c1cc(Br)c[nH]1)CC2,21000,4.677780705
CHEMBL3085868,,Nc1nc2c(s1)C[C@@H](NC(=O)C1CCCN1)CC2,30000,4.522878745
CHEMBL3085870,,Nc1nc2c(s1)C[C@@H](NC(=O)c1ccco1)CC2,30000,4.522878745
CHEMBL3085872,,Nc1nc2c(s1)CC(CNC(=O)c1ccc[nH]1)CC2,21000,4.677780705
CHEMBL3085874,,Nc1nc2c(s1)CC(CNC(=O)c1cc(Br)c(Br)[nH]1)CC2,30000,4.522878745
CHEMBL3085873,,Nc1nc2c(s1)CC(CNC(=O)c1cc(Br)c[nH]1)CC2,30000,4.522878745
CHEMBL3085877,,Nc1nc2c(s1)CC(CNC(=O)C1CCCN1)CC2,30000,4.522878745
CHEMBL3085875,,Nc1nc2c(s1)CC(CNC(=O)c1cc3ccccc3[nH]1)CC2,30000,4.522878745
CHEMBL3085866,,Nc1nc2c(s1)C[C@@H](NC(=O)c1cc3ccccc3[nH]1)CC2,30000,4.522878745
CHEMBL4128079,,C[C@]12CCC(F)(F)C[C@H]1C[C@@H](N1CCC[C@@H](N)C1)[C@@H]2Oc1ccc(C#N)cc1,27000,4.568636236
CHEMBL4129002,,C[C@]12CC[C@H](C(F)F)C[C@H]1C[C@@H](N1CCC[C@@H](N)C1)[C@@H]2Oc1ccc(C#N)cc1,29000,4.537602002
CHEMBL4126938,,CC1(O)CC[C@@]2(C)[C@H](C[C@@H](N3CCC[C@@H](N)C3)[C@@H]2Oc2ccc(C#N)cc2)C1,100000,4
CHEMBL4125756,,C[C@]12CC[C@@H](O)C[C@H]1C[C@@H](N1CCC[C@@H](N)C1)[C@@H]2Oc1ccc(C#N)cc1,100000,4
CHEMBL4126989,,CO[C@@H]1CC[C@@]2(C)[C@@H](C1)C[C@@H](N1CCC[C@@H](N)C1)[C@@H]2Oc1ccc(C#N)cc1,30000,4.522878745
CHEMBL4127992,,CO[C@H]1CC[C@@]2(C)[C@@H](C1)C[C@@H](N1CCC[C@@H](N)C1)[C@@H]2Oc1ccc(C#N)cc1,30000,4.522878745
CHEMBL4129913,,C[C@]12CC[C@H](O)C[C@H]1C[C@@H](N1CCC[C@@H](N)C1)[C@@H]2Oc1ccc(C#N)cc1,100000,4
CHEMBL4127190,,C[C@]12CCCC[C@H]1C[C@@H](N1CCC[C@@H](N)C1)[C@@H]2Oc1ccc(C#N)cc1,18000,4.744727495
CHEMBL4126435,,CN(C)C(=O)/C=C1\CC[C@@]2(C)[C@@H](C1)C[C@@H](N1CCC[C@@H](N)C1)[C@@H]2Oc1ccc(C#N)cc1,100000,4
CHEMBL4127600,,C[C@]12CCC(=O)C[C@H]1C[C@@H](N1CCC[C@@H](N)C1)[C@@H]2Oc1ccc(C#N)cc1,300000,3.522878745
CHEMBL4128782,,CO/N=C1\CC[C@@]2(C)[C@@H](C1)C[C@@H](N1CCC[C@@H](N)C1)[C@@H]2Oc1ccc(C#N)cc1,30000,4.522878745
CHEMBL3798258,,CC(C)(C)OC(=O)N1CCN(c2cccc3c2cnn3-c2ccccc2F)C1=O,5000,5.301029996
CHEMBL3799551,,CC(C)CC(=O)CN1CCN(c2cccc3c2cnn3-c2ccccc2F)C1=O,15000,4.823908741
CHEMBL3798228,,O=C(CN1CCN(c2cccc3c2cnn3-c2ccccc2F)C1=O)N1CC[C@H](F)C1,33000,4.48148606
CHEMBL3797267,,O=C(CN1CCN(c2cccc3c2cnn3-c2ccccc2F)C1=O)N1CCCC1,33000,4.48148606
CHEMBL3799790,,O=C(CN1CCN(c2cccc3c2cnn3-c2ccccc2F)C1=O)N1CCC[C@H](F)C1,23000,4.638272164
CHEMBL3799205,,O=C(CN1CCN(c2cccc3c2cnn3-c2ccccc2F)C1=O)NC1CC1,33000,4.48148606
CHEMBL3798774,,Cc1cncc(CN2CCN(c3cccc4c3cnn4-c3ccccc3F)C2=O)n1,33000,4.48148606
CHEMBL569185,,COc1ccc(CCN2C(=O)N(NS(C)(=O)=O)C[C@H]2c2ccc(OC)cc2)cc1,30000,4.522878745
CHEMBL16,,O=C1NC(=O)C(c2ccccc2)(c2ccccc2)N1,49000,4.30980392
CHEMBL3979043,,COc1cc(-c2ccc(F)c(C)c2)c(F)cc1-n1c(=O)ccc2cc(S(=O)(=O)Nc3ccon3)c(F)cc21,496,6.304518324
CHEMBL3948535,,COc1cc(-c2cccc(Cl)c2)c(F)cc1-n1c(=O)ccc2cc(S(=O)(=O)Nc3ccon3)ccc21,30000,4.522878745
CHEMBL4070372,,CC(C)C[C@H](N)Cc1nc(-c2ccc(Cl)cc2)c[nH]1,13000,4.886056648
CHEMBL4105252,,CC(C)C[C@@H](N)Cc1nc(-c2ccc(Cl)cc2)c[nH]1,13000,4.886056648
CHEMBL3113263,,CC(C)(C)OC(=O)n1cc(-c2cccc(NC(=O)c3ccc[nH]3)c2)nc1N,30000,4.522878745
CHEMBL3113261,,CNc1nc(-c2cccc(NC(=O)c3ccco3)c2)cn1C(=O)OC(C)(C)C,30000,4.522878745
CHEMBL3113256,,CC(C)(C)OC(=O)n1cc(-c2cccc(NC(=O)C3CCCN3)c2)nc1N,30000,4.522878745
CHEMBL3113247,,CC(C)(C)OC(=O)n1cc(-c2cccc(NC(=O)c3cc[nH]c3)c2)nc1N,30000,4.522878745
CHEMBL3923020,,COc1cc(-c2cccc(F)c2)c(Cl)cc1-n1c(=O)ccc2cc(S(=O)(=O)Nc3cccnn3)ccc21,30000,4.522878745
CHEMBL4640061,,Cc1c(N2CC[C@@H]([C@H](C)N)C2)c(F)cc2ccc(=O)n(C3CC3)c12,50000,4.301029996
CHEMBL5196338,,N#Cc1ccc(Oc2ccc3c(ccc(=O)n3CCN3CCCCC3)c2)cc1,1600,5.795880017
CHEMBL3113262,,Nc1nc(-c2cccc(NC(=O)c3ccc[nH]3)c2)cn1C(=O)c1ccc[nH]1,27000,4.568636236
CHEMBL4096468,,NC1(Cc2nc(-c3ccc(OC(F)(F)F)cc3)c[nH]2)COC1,36000,4.443697499
CHEMBL4173715,,O=C(O)C[C@]1(CC(F)(F)F)CCc2cc(-c3cnc(NC(=O)Nc4ccc(F)c(F)c4)cn3)ccc2C1=O,10000,5
CHEMBL4213248,,N=C(N)NC(=O)c1nc(-c2cc3ccccc3o2)c(N2CCCCCC2)nc1N,3000,5.522878745
CHEMBL2093896,,CSc1ccc([C@H]2N=C(OCc3ccc(NS(C)(=O)=O)cc3)N(C)Cc3ccccc32)cc1,30000,4.522878745
CHEMBL1788206,,CN1Cc2ccccc2[C@@H](c2ccccc2)N=C1OCc1ccc(NS(C)(=O)=O)cc1,126000,3.899629455
CHEMBL3350235,,CSc1ccc([C@@H]2N=C(OCc3ccc(NS(C)(=O)=O)cc3)N(C)Cc3ccccc32)cc1,30000,4.522878745
CHEMBL2092889,,CN1Cc2ccccc2[C@H](c2ccccc2)N=C1OCc1ccc(NS(C)(=O)=O)cc1,30000,4.522878745
CHEMBL2092890,,CN1Cc2ccccc2[C@@H](c2ccc(F)cc2F)N=C1CCc1ccc(NS(C)(=O)=O)cc1,100000,4
CHEMBL1788304,,CN1Cc2ccccc2[C@H](c2ccc(F)cc2F)N=C1CCc1ccc(NS(C)(=O)=O)cc1,100000,4
CHEMBL482676,,O=C(c1ccc(-c2ccc(Cl)cc2)o1)N1CCN(C2CCCCC2)CC1,2300,5.638272164
CHEMBL486495,,CC(C)(C)c1ccc(-c2ccc(C(=O)N3CCN(C4CCCCC4)CC3)o2)cc1,100,7
CHEMBL250699,,COc1cc(NC(=O)c2ccc(-c3ccc(Cl)cc3)o2)cc(OC)c1,7340,5.13430394
CHEMBL401258,,Cc1cccc(NC(=O)c2ccc(-c3ccc(C#N)cc3)o2)c1,2000,5.698970004
CHEMBL109127,,N=C(NCCCCc1ccccc1)NC(=O)c1ccco1,7900,5.102372909
CHEMBL521211,,O=C(c1ccc(-c2ccc(Cl)cc2)o1)N1CCNCC1,4600,5.337242168
CHEMBL3682643,,NC(=O)c1cc(C(F)(F)F)ccc1-c1cccc2cc(S(=O)(=O)Nc3ncns3)ccc12,30000,4.522878745
CHEMBL4066348,,CC(C)C[C@@H](N)Cc1nc(-c2ccc(Cl)cc2)no1,3200,5.494850022
CHEMBL4081007,,CC(C)C[C@H](N)Cc1nc(-c2ccc(Cl)cc2)no1,1600,5.795880017
CHEMBL110572,,N=C(NCCCCc1ccccc1)NC(=O)c1cccc2ccccc12,4100,5.387216143
CHEMBL108627,,Cc1ccc(C(=O)N=C(N)NCc2cccc3ccccc23)cc1,8850,5.053056729
CHEMBL1175,,CNCC[C@H](Oc1cccc2ccccc12)c1cccs1,15848.93,4.800000053
CHEMBL27,,CC(C)NCC(O)COc1cccc2ccccc12,2100,5.677780705
CHEMBL3896657,,O=C(O)CCc1cc2cc(-c3cc(OC(F)(F)F)ccc3F)ccc2o1,30000,4.522878745
CHEMBL3236329,,O=C(NCc1noc(-c2c3ccccc3nn2CCn2ccnc2)n1)c1cccc(OC(F)(F)F)c1,14800,4.829738285
CHEMBL3236343,,O=C(NCc1noc(-c2nn(CCn3ccnc3)c3ccccc23)n1)c1ccccc1,69000,4.161150909
CHEMBL4741793,,C[C@H](NC(=O)c1cc(C(F)(F)F)nn1C)c1nc(-c2ccnc(C(F)(F)F)c2)no1,42000,4.37675071
CHEMBL3085867,,CC(C)(C)OC(=O)N1CCCC1C(=O)N[C@H]1CCc2nc(N)sc2C1,30000,4.522878745
CHEMBL3085876,,CC(C)(C)OC(=O)N1CCCC1C(=O)NCC1CCc2nc(N)sc2C1,20000,4.698970004
CHEMBL4278328,,CC(C)n1cc(CN2CCC3(CC2)CC(=O)N(c2ccc(C(=O)O)cc2)C3)c2c(C3CC3)cccc21,10000,5
CHEMBL3913475,,CC1=C(N2CCC3(CCN(C[C@H](O)c4ccc5c(c4C)COC5=O)CC3)C2=O)COC1=O,30000,4.522878745
CHEMBL4284867,,CC1(C)CCOc2c(Cl)cc(CN3CCC4(CC3)CC(=O)N(c3ccc(C(=O)O)cc3)C4)cc21,10000,5
CHEMBL1346,,NC(=O)C(c1ccccc1)(c1ccccc1)[C@@H]1CCN(CCc2ccc3c(c2)CCO3)C1,1584.89,5.800000875
CHEMBL4551786,,CCOC(=O)N1CC/C(=C\C#Cc2cccc(C)n2)C1,12290,4.910448117
CHEMBL3903475,,Cc1cn(-c2ccc(-c3cn(CC(=O)Nc4cccc(Cl)c4Cl)nn3)cc2F)cn1,30000,4.522878745
CHEMBL3905835,,Cc1nccn1-c1ccc(-c2cn(CC(=O)Nc3cccc(Cl)c3Cl)nn2)cc1,21000,4.677780705
CHEMBL3965469,,Cc1nccn1-c1ccc(-c2cn(CC(=O)Nc3cccc(Cl)c3Cl)nn2)cn1,30000,4.522878745
CHEMBL4283876,,N#Cc1ccc(C(C(=O)NCC2CC2)N2CC3CCC(C2)N3C(=O)c2cc(F)ccc2F)cc1,42000,4.37675071
CHEMBL4291730,,N#Cc1ccc(C(C(=O)NCC2CC2)N2CC3CCC(C2)N3C(=O)c2cc(F)cc(F)c2)cc1,42000,4.37675071
CHEMBL4579742,,CS(=O)(=O)NC(=O)c1ccc2c(Oc3ccc(Cl)c(C(F)(F)F)c3)nccc2c1,14400,4.841637508
CHEMBL4462738,,CC(C)COc1ncc(Oc2nccc3cc(C(=O)NS(C)(=O)=O)ccc23)cc1Cl,8700,5.060480747
CHEMBL4450471,,CS(=O)(=O)NC(=O)c1ccc2c(-c3ccc(C(F)(F)F)c(Cl)c3)nccc2c1,30000,4.522878745
CHEMBL4290645,,O=C(NCc1ccccc1)C(c1ccccc1)N1CC2CCC(C1)N2C(=O)c1cc(F)ccc1Cl,4200,5.37675071
CHEMBL4101680,,N#Cc1ccc(-c2[nH]nc3cc(OC(F)(F)F)ccc23)cc1,17300,4.761953897
CHEMBL4062248,,COc1cc(-c2cccc(F)c2)c(Cl)cc1-c1c(=O)n(C)cc2cc(S(=O)(=O)Nc3ccon3)ccc12,10000,5
CHEMBL495995,,O=C(N[C@H]1C[C@@H]1c1ccccc1)N1CCC2(CCc3ccccc3O2)CC1,10000,5
CHEMBL523565,,O=C(N[C@H]1C[C@@H]1c1ccccc1)N1CCC2(CC1)CC(O)c1ncccc1O2,10000,5
CHEMBL522211,,O=C(N[C@H]1C[C@@H]1c1ccccc1)N1CCC2(CCc3ncccc3O2)CC1,10000,5
CHEMBL495993,,O=C1CC2(CCN(C(=O)N[C@H]3C[C@@H]3c3ccccc3)CC2)Oc2cccnc21,10000,5
CHEMBL4297317,,CC(C(N)=O)[C@H](N)c1nc2cc(C(C)(C)C)ccc2[nH]1,30000,4.522878745
CHEMBL2418811,,Cc1sc(Nc2ccc(Cl)cc2F)nc1C(=O)N1CCC[C@H](C)[C@@H]1C,3300,5.48148606
CHEMBL2418806,,Cc1ccc(Nc2nc(C(=O)N3CCCC(C)C3C)cs2)cc1,50000,4.301029996
CHEMBL3798320,,CC(C)(O)CC(=O)N1CC2C(=O)N(c3cccc4c3cnn4-c3ccccc3F)C[C@@H]2C1,33000,4.48148606
CHEMBL108361,,N=C(NCCCCc1ccccc1)NC(=O)c1cccs1,2350,5.628932138
CHEMBL2164375,,CC(C)(C)OC(=O)N1CC(n2c(O)c3ccccc3c2C(=O)NCc2ccc(OC(F)(F)F)cc2)C1,4400,5.356547324
CHEMBL4068143,,COc1cc(-c2cccc(F)c2)c(Cl)cc1-c1[nH]c(=O)cc2cc(S(=O)(=O)Nc3ccon3)ccc12,820,6.086186148
CHEMBL4289325,,O=C(O)c1ccc(N2CC3(CCN(Cc4cc(C(F)(F)F)ccc4C4CC4)CC3)OC2=O)cc1,10000,5
CHEMBL709,,COc1cc2nc(N(C)CCCNC(=O)C3CCCO3)nc(N)c2cc1OC,1584893.19,2.800000001
CHEMBL24778,,C[C@H](Cc1cc2c(c(C(N)=O)c1)N(CCCO)CC2)NCCOc1ccccc1OCC(F)(F)F,63095.73,4.200000031
CHEMBL324435,,Cc1ccc(C(=O)N=C(N)N2CCc3ccccc32)cc1,100000,4
CHEMBL3582472,,Fc1cncc(-c2nc3cc(F)c(F)cc3n2C2CC2)c1,30000,4.522878745
CHEMBL4093377,,FC(F)(F)c1ccc2c(Nc3ccc(Cl)nc3)[nH]nc2c1,8520,5.069560405
CHEMBL4853960,,CCn1c(-c2cnc(C)nc2)nc2c(N[C@H]3CCN(C(=O)C4CC4)C3)ncnc21,50000,4.301029996
CHEMBL4750385,,CCn1c(-c2cnc(C)nc2)nc2c(-c3cnc4c(c3)[C@](C)(NCC(C)(C)F)C(=O)N4)ncnc21,30000,4.522878745
CHEMBL3800069,,O=C1C2CN(Cc3ccccc3)CC2CN1c1cccc2c1cnn2-c1ccccc1F,2500,5.602059991
CHEMBL4443422,,Cc1sc(-c2ccccc2Cl)cc1C(=O)N[C@@H](CN)c1ccccc1,13000,4.886056648
CHEMBL3662226,,CS(=O)(=O)NC(=O)c1cc(C2CC2)c(OCC2CN(C(c3ccccc3)c3ccccc3)C2)cc1F,2540,5.595166283
CHEMBL741,,Nc1nnc(-c2cccc(Cl)c2Cl)c(N)n1,39810.72,4.399999968
CHEMBL4129456,,C[C@]12CCC(F)=C[C@H]1C[C@@H](N1CCC[C@@H](N)C1)[C@@H]2Oc1ccc(C#N)cc1,30000,4.522878745
CHEMBL4126528,,C[C@@]12CCC(=O)C[C@@H]1C[C@@H](N1CCC[C@@H](N)C1)[C@@H]2Oc1ccc(C#N)cc1,100000,4
CHEMBL2069404,,Cc1ccc(-n2nc(C)c(C(=O)N[C@@H]3COc4cccc(N5CCN(C)CC5)c4C3)n2)c(C)c1,2511.89,5.599999383
CHEMBL4445556,,NC[C@H](Oc1noc2ccc(-c3ccccc3Cl)cc12)c1ccccc1,22000,4.657577319
CHEMBL4528547,,NC[C@H](Oc1noc2ccc(-c3ccccc3Cl)nc12)c1ccccc1,16000,4.795880017
CHEMBL4471339,,NC[C@H](Oc1noc2ncc(-c3ccccc3Cl)cc12)c1ccccc1,24000,4.619788758
CHEMBL4452291,,CC(C(N)=O)[C@H](N)c1cn2cc(C(C)(C)C)ccc2n1,10000,5
CHEMBL3799939,,CC(C)(O)CC(=O)N1CC[C@H]2CN(c3cccc4c3cnn4-c3ccccc3F)C(=O)C21,16400,4.785156152
CHEMBL3337592,,COc1ccc2c(c1)NC1(CC3CN(C(=O)c4ccc(OC)c(N(C)C)c4)CC3C1)c1cccn1-2,2450,5.610833916
CHEMBL3707218,,O=C1N(Cc2ccc(C(F)(F)F)o2)c2ccccc2[C@]12COc1cc3c(cc12)OCO3,84,7.075720714
CHEMBL3337591,,COc1ccc2c(c1)NC1(CCCN(C(=O)c3ccc(OC)c(N(C)C)c3)CC1)c1cccn1-2,3069,5.513003112
CHEMBL3337593,,COc1ccc2c(c1)NC1(CCC(NC(=O)c3ccc(OC)c(N(C)C)c3)CC1)c1cccn1-2,30000,4.522878745
CHEMBL779,,CN1CC(=O)N2C(Cc3c([nH]c4ccccc34)[C@H]2c2ccc3c(c2)OCO3)C1=O,125892.54,3.900000004
CHEMBL4105630,,C[C@@]1(O)CC[C@H]2[C@H](CC[C@@H]3[C@@H]2CC[C@]2(C)C(C(=O)Cn4cc(C#N)cn4)CC[C@@H]32)C1,30000,4.522878745
CHEMBL3337590,,COc1ccc2c(c1)NC1(CN(C(=O)c3ccc4ncccc4c3)C1)c1cccn1-2,30000,4.522878745
CHEMBL482637,,CS(=O)(=O)c1ccc2c(c1)CCC1(CCCN(C(=O)N[C@H]3C[C@@H]3c3ccccc3)CC1)O2,10000,5
CHEMBL72,,CNCCCN1c2ccccc2CCc2ccccc21,1520,5.818156412
CHEMBL629,,CN(C)CCC=C1c2ccccc2CCc2ccccc21,1600,5.795880017
CHEMBL479,,CSc1ccc2c(c1)N(CCC1CCCCN1C)c1ccccc1S2,1830,5.73754891
CHEMBL1189679,,O=C1c2cccc3c2[C@H](CCC3)CN1[C@@H]1CN2CCC1CC2,19952.62,4.700000069
CHEMBL4786331,,Cc1nc2c(=O)n(C3CC3)c3c(Cl)c(N4CC[C@@H]([C@H](C)N)C4)c(F)cc3c2o1,21500,4.66756154
CHEMBL1835153,,NC(=O)c1cnc(N[C@H](C2CC2)C(F)(F)F)c2c1[nH]c1cc(-c3cnc(N)nc3)ccc12,30000,4.522878745
CHEMBL3582336,,CCn1cc([C@@]2(c3nn(C)c(=O)o3)N[C@@H](c3nc(-c4ccc(F)cn4)c[nH]3)Cc3c2[nH]c2ccccc32)cn1,30000,4.522878745
CHEMBL4776201,,Cc1ncc(-c2nc3c(-c4ccc5c(c4)[C@@]4(CCCN4C(=O)C4CC4)C(=O)N5C)ncnc3n2C)cn1,30000,4.522878745
CHEMBL3707392,,O=C1c2cc(-c3ccc(OC(F)(F)F)cc3)ccc2OCCN1Cc1ncccn1,52000,4.283996656
CHEMBL5083772,,Cn1cc(Nc2nccc(-c3ccc4c(c3)CN(C3COC3)CC[C@H]4NC(=O)c3cn(C(C)(C)C)nn3)n2)cn1,25000,4.602059991
CHEMBL3933749,,Cc1c([C@@H]2CN3CCN(C(=O)Cc4ccc(-n5cnnn5)cn4)C[C@H]3CO2)ccc(F)c1C#N,30000,4.522878745
CHEMBL4097970,,COc1cc(-c2cccc(F)c2)c(Cl)cc1-c1nn(C)c(=O)c2cc(S(=O)(=O)Nc3ccon3)ccc12,10000,5
CHEMBL2443278,,c1ccc([C@]2(CCNCc3cccs3)CCOC3(CCCC3)C2)nc1,9000,5.045757491
CHEMBL45816,,COCC(=O)O[C@]1(CCN(C)CCCc2nc3ccccc3[nH]2)CCc2cc(F)ccc2[C@@H]1C(C)C,500,6.301029996
CHEMBL4129805,,N#Cc1ccc(O[C@@H]2[C@H]3C4C[C@@H](CC4=O)[C@H]3C[C@H]2N2CCC[C@@H](N)C2)cc1,100000,4
CHEMBL3809641,,Cc1noc(Cn2nc3ccc(-c4ccc(OC(F)(F)F)cc4)cn3c2=O)n1,10000,5
CHEMBL5092058,,Cc1cn([C@H](C)CC#N)c(=O)c2cc(Cn3nc(C(F)F)cc3Cl)nn12,10,8
CHEMBL2164367,,CC1(C(=O)NCc2ccc(OC(F)(F)F)cc2)c2ccccc2C(=O)N1CCc1ccccn1,25000,4.602059991
CHEMBL1422,,N[C@@H](CC(=O)N1CCn2c(nnc2C(F)(F)F)C1)Cc1cc(F)c(F)cc1F,630957.34,3.200000003
CHEMBL1201187,,Cc1nnc(C(C)C)n1[C@@H]1C[C@H]2CC[C@@H](C1)N2CC[C@H](NC(=O)C1CCC(F)(F)CC1)c1ccccc1,630957.34,3.200000003
CHEMBL4126041,,N#Cc1ccc(O[C@@H]2[C@@H]3CCC(=O)C3C[C@H]2N2CCC[C@@H](N)C2)cc1,100000,4
CHEMBL4280006,,O=C(NCc1ccccc1)C(c1ccccc1)N1CC2CC(C1)N2C(=O)c1cc(F)ccc1Cl,2400,5.619788758
CHEMBL4130214,,N#Cc1ccc(O[C@@H]2[C@@H]3CC(=O)C3C[C@H]2N2CCC[C@@H](N)C2)cc1,100000,4
CHEMBL1813015,,CC(=O)Nc1cccc(Nc2ncnc(N3CCc4ccccc4C3)n2)c1,5400,5.26760624
CHEMBL5191783,,C[C@H]1C[C@@H](N2C(=O)C[C@@](C)(c3cccc(Nc4ccc(C5CC5)nc4)c3Cl)N=C2N)CCO1,5000,5.301029996
CHEMBL1425238,,CCCCCCCSc1nc(=O)cc(N)[nH]1,1200,5.920818754
CHEMBL308954,,Cc1cc(C#N)cc(C)c1Oc1nc(Nc2ccc(C#N)cc2)nc(N)c1Br,3981071.71,2.4
CHEMBL550348,,O=C(O)c1ccc(-n2nc(-c3ccccc3O)nc2-c2ccccc2O)cc1,79432.82,4.100000019
CHEMBL535,,C=c1c(C(=O)NCCN(CC)CC)c(C)[nH]c1=Cc1c(O)[nH]c2ccc(F)cc12,15848.93,4.800000053
CHEMBL461101,,Cc1ccc(-n2[nH]c(C)c(N=Nc3cccc(-c4cccc(C(=O)O)c4)c3O)c2=O)cc1C,158489.32,3.799999998
